srcip,sport,dstip,dsport,proto,state,dur,sbytes,dbytes,sttl,dttl,sloss,dloss,service,Sload,Dload,Spkts,Dpkts,swin,dwin,stcpb,dtcpb,smeansz,dmeansz,trans_depth,res_bdy_len,Sjit,Djit,Stime,Ltime,Sintpkt,Dintpkt,tcprtt,synack,ackdat,is_sm_ips_ports,ct_state_ttl,ct_flw_http_mthd,is_ftp_login,ct_ftp_cmd,ct_srv_src,ct_srv_dst,ct_dst_ltm,ct_src_ ltm,ct_src_dport_ltm,ct_dst_sport_ltm,ct_dst_src_ltm
59.166.0.7,41493,149.171.126.9,9860,tcp,FIN,0.06289299999999999,2854,29218,31,29,7,17,-,355142.8438,3639196.5,46,48,255,255,1934501872,4115619046,62,609,0,0,94.004196,90.945929,1421945163,1421945163,1.3904889999999999,1.326532,0.000691,0.000542,0.000149,0,0,0,0,0,4,14,9,4,1,1,1
59.166.0.2,59269,149.171.126.0,6881,tcp,FIN,8.138341,32674,1510488,31,29,51,536,-,32064.51953,1483549.5,584,1176,255,255,973330003,978035424,56,1284,0,0,5527.498636,3892.801423,1421944904,1421944912,13.958886999999999,6.92585,0.000607,0.000465,0.00014199999999999998,0,0,0,0,0,10,12,8,10,8,6,8
59.166.0.5,62330,149.171.126.1,22,tcp,FIN,0.015758,12368,13132,31,29,17,17,-,6187079.5,6568854.0,68,68,255,255,1528812348,3674510482,182,193,0,0,15.301504999999999,0.0,1421945012,1421945012,0.23519400000000001,0.22456700000000002,0.000704,0.0005740000000000001,0.00013000000000000002,0,0,0,0,0,13,14,15,13,5,5,5
59.166.0.0,52724,149.171.126.5,25,tcp,FIN,0.810717,37180,3380,31,29,18,8,smtp,359829.625,32563.76758,52,42,255,255,1804467114,4009680006,715,80,0,0,1521.752195,50.026383,1421953911,1421953911,15.889588,19.762098,0.0006129999999999999,0.00046699999999999997,0.000146,0,0,0,0,0,1,1,7,4,1,1,1
59.166.0.1,1151,149.171.126.9,111,udp,CON,0.004884,568,304,31,29,0,0,-,697788.6875,373464.375,4,4,0,0,0,0,142,76,0,0,1.7682930000000001,1.540314,1421947380,1421947380,1.271333,1.097667,0.0,0.0,0.0,0,0,0,0,0,4,7,4,3,1,1,2
59.166.0.1,32849,149.171.126.6,53,udp,CON,0.001088,146,178,31,29,0,0,dns,536764.6875,654411.75,2,2,0,0,0,0,73,89,0,0,0.0,0.0,1421949478,1421949478,0.011000000000000001,0.005,0.0,0.0,0.0,0,0,0,0,0,2,3,2,3,1,1,2
59.166.0.1,59919,149.171.126.0,53,udp,CON,0.001145,146,178,31,29,0,0,dns,510043.6875,621834.0625,2,2,0,0,0,0,73,89,0,0,0.0,0.0,1421945158,1421945158,0.009000000000000001,0.008,0.0,0.0,0.0,0,0,0,0,0,4,4,10,4,4,3,3
59.166.0.5,16898,149.171.126.4,80,tcp,FIN,1.45266,1684,10168,31,29,3,5,http,8613.165039,52890.5625,14,18,255,255,2317892610,172420391,120,565,0,0,9232.418539,8087.819836,1421941069,1421941071,111.71515600000001,85.418059,0.000704,0.0005480000000000001,0.000156,0,0,0,0,0,5,3,4,2,2,1,1
59.166.0.9,40714,149.171.126.7,45655,udp,CON,1.022169,536,304,31,29,0,0,-,3146.250732,1784.440796,4,4,0,0,0,0,134,76,0,0,355.429094,354.04506200000003,1421945198,1421945199,251.33632799999998,250.35467200000002,0.0,0.0,0.0,0,0,0,0,0,25,9,6,21,3,3,5
59.166.0.2,26022,149.171.126.2,143,tcp,FIN,0.035033,7806,14704,31,29,30,32,-,1768161.5,3331259.25,122,126,255,255,457531242,458550499,64,117,0,0,18.265869,15.699101,1421941993,1421941993,0.286554,0.276072,0.000653,0.0005200000000000001,0.000133,0,0,0,0,0,3,5,2,2,1,1,2
59.166.0.1,21016,149.171.126.1,1067,tcp,FIN,0.39433,4824,3080,31,29,7,7,-,94377.80469,60416.40234,28,30,255,255,2368195652,2509242896,172,103,0,0,806.303438,20.410726999999998,1421950984,1421950984,14.592629999999998,13.577275,0.000724,0.000584,0.00014,0,0,0,0,0,4,10,6,4,1,1,4
59.166.0.2,19992,149.171.126.1,111,udp,CON,0.330227,568,312,31,29,0,0,-,10320.17383,5668.828125,4,4,0,0,0,0,142,78,0,0,148.502094,136.581453,1421945383,1421945384,105.01433600000001,96.58266400000001,0.0,0.0,0.0,0,0,0,0,0,15,8,7,5,2,2,2
149.171.126.18,1043,175.45.176.1,53,udp,INT,8e-06,264,0,60,0,0,0,dns,132000000.0,0.0,2,0,0,0,0,0,132,0,0,0,0.0,0.0,1421932225,1421932225,0.008,0.0,0.0,0.0,0.0,0,0,0,0,0,6,6,3,3,3,3,3
59.166.0.1,22915,149.171.126.0,21038,tcp,FIN,0.012715,2766,24114,31,29,7,16,-,1701297.75,14842313.0,44,46,255,255,759944018,778927986,63,524,0,0,0.0,16.489453,1421931031,1421931031,0.288698,0.270289,0.0006799999999999999,0.0005480000000000001,0.000132,0,0,0,0,0,6,1,1,7,1,1,1
59.166.0.5,29460,149.171.126.6,55163,tcp,FIN,0.070886,4014,57836,31,29,7,28,-,446350.4688,6433992.5,68,70,255,255,4161367265,2032544848,59,826,0,0,0.0,65.647598,1421937826,1421937826,1.053343,1.02042,0.00064,0.00047300000000000006,0.000167,0,0,0,0,0,2,2,2,4,1,1,1
149.171.126.2,25,59.166.0.4,5908,tcp,FIN,0.513785,3060,37006,29,31,6,17,-,46322.87891,564220.4375,36,48,255,255,3428789887,3430715533,85,771,0,0,35.843796999999995,1042.503487,1421954275,1421954275,14.679571,10.919277000000001,0.0,0.0,0.0,0,0,0,0,0,1,1,1,1,1,1,1
59.166.0.1,39017,149.171.126.1,53,udp,CON,0.001111,130,162,31,29,0,0,dns,468046.8125,583258.375,2,2,0,0,0,0,65,81,0,0,0.0,0.0,1421939357,1421939357,0.011000000000000001,0.009000000000000001,0.0,0.0,0.0,0,0,0,0,0,2,4,3,3,1,1,1
59.166.0.6,56723,149.171.126.7,53,udp,CON,0.001039,146,178,31,29,0,0,dns,562078.9375,685274.3125,2,2,0,0,0,0,73,89,0,0,0.0,0.0,1421943252,1421943252,0.01,0.006,0.0,0.0,0.0,0,0,0,0,0,1,1,3,1,1,1,1
59.166.0.3,44717,149.171.126.2,111,udp,CON,0.087138,568,304,31,29,0,0,-,39110.37891,20932.31445,4,4,0,0,0,0,142,76,0,0,33.894457,33.407969,1421943199,1421943199,23.974,23.625,0.0,0.0,0.0,0,0,0,0,0,11,8,5,5,1,1,2
59.166.0.9,26291,149.171.126.7,53,udp,CON,0.001119,146,178,31,29,0,0,-,521894.5313,636282.375,2,2,0,0,0,0,73,89,0,0,0.0,0.0,1421934546,1421934546,0.018000000000000002,0.012,0.0,0.0,0.0,0,0,0,0,0,16,5,2,2,1,1,1
175.45.176.0,53756,149.171.126.13,520,udp,INT,1.2e-05,1098,0,254,0,0,0,-,366000000.0,0.0,2,0,0,0,0,0,549,0,0,0,0.0,0.0,1421930457,1421930457,0.012,0.0,0.0,0.0,0.0,0,2,0,0,0,9,9,3,3,3,1,3
59.166.0.1,29216,149.171.126.4,55057,tcp,FIN,0.012838999999999998,2438,19918,31,29,7,13,-,1479243.0,12101254.0,38,40,255,255,1705438201,3870916714,64,498,0,0,0.0,18.415473000000002,1421948649,1421948649,0.338514,0.315744,0.000653,0.000521,0.000132,0,0,0,0,0,8,1,1,4,1,1,1
59.166.0.7,31805,149.171.126.4,80,tcp,FIN,1.00616,1684,10168,31,29,3,5,http,12435.39746,76361.60938,14,18,255,255,1206777380,1207772218,120,565,1,3924,8765.218209,7674.517864,1421941282,1421941283,77.365998,59.154529000000004,0.000648,0.00053,0.000118,0,0,1,0,0,1,1,3,5,1,1,3
59.166.0.5,52396,149.171.126.7,30655,tcp,FIN,0.025802999999999996,2958,33044,31,29,7,18,-,898190.125,10040383.0,48,50,255,255,3887102615,1770315946,62,661,0,0,0.0,34.273286999999996,1421929407,1421929407,0.541957,0.5143270000000001,0.000729,0.000597,0.000132,0,0,0,0,0,4,4,1,2,1,1,1
59.166.0.0,1710,149.171.126.3,21,tcp,FIN,1.4809729999999999,2934,3742,31,29,11,15,ftp,15546.53613,19841.00977,52,54,255,255,440780978,2696200871,56,69,0,0,2089.196292,67.353734,1421946535,1421946537,29.032411,27.933546999999997,0.000601,0.000493,0.00010800000000000001,0,0,0,0,0,2,1,6,2,1,1,2
59.166.0.7,28325,149.171.126.9,26343,tcp,FIN,0.020887,2766,27384,31,29,7,16,-,1035668.125,10260545.0,44,46,255,255,372205646,380945710,63,595,0,0,29.788843,28.286037,1421933167,1421933167,0.478047,0.453333,0.000607,0.00048300000000000003,0.000124,0,0,0,0,0,4,17,1,3,1,1,1
59.166.0.7,7296,149.171.126.2,6881,tcp,FIN,1.509847,12830,548216,31,29,21,197,-,67678.375,2898121.5,222,438,255,255,718313297,723622048,58,1252,0,0,1941.33582,1380.52369,1421939975,1421939977,6.830285000000001,3.453982,0.000571,0.000454,0.000117,0,0,0,0,0,12,17,3,4,2,1,2
59.166.0.8,6615,149.171.126.3,53,udp,CON,0.001092,146,178,31,29,0,0,dns,534798.5,652014.625,2,2,0,0,0,0,73,89,0,0,0.0,0.0,1421930395,1421930395,0.011000000000000001,0.008,0.0,0.0,0.0,0,0,0,0,0,2,2,5,1,1,1,1
59.166.0.3,46219,149.171.126.6,32866,tcp,FIN,0.025199,2542,19242,31,29,7,13,-,787015.375,5956109.5,40,40,255,255,2857271897,2869995443,64,481,0,0,0.0,1.241272,1421944589,1421944589,0.637821,0.633846,0.000591,0.000475,0.00011599999999999999,0,0,0,0,0,6,5,2,3,1,1,1
59.166.0.9,27975,149.171.126.3,5190,tcp,FIN,0.004548,1064,2260,31,29,4,4,-,1716798.5,3644678.75,12,12,255,255,2889637980,740378939,89,188,0,0,18.931193,0.434745,1421955681,1421955681,0.38127300000000003,0.354727,0.000796,0.0006360000000000001,0.00016,0,0,0,0,0,17,9,4,2,1,1,1
59.166.0.6,46272,149.171.126.5,5190,tcp,FIN,0.004432,1036,2262,31,29,4,4,-,1714801.375,3743682.0,12,12,255,255,81066732,2230974826,86,189,0,0,18.505142000000003,0.405246,1421944956,1421944956,0.369,0.342273,0.000817,0.000656,0.000161,0,0,0,0,0,14,10,19,14,6,3,3
59.166.0.5,26651,149.171.126.2,9469,tcp,FIN,0.9054190000000001,8928,320,31,29,4,1,ftp-data,73256.69531,2359.128662,14,6,255,255,506094279,2320209194,638,53,0,0,6408.4661,272.98325,1421950984,1421950985,69.64761800000001,180.94759399999998,0.0007019999999999999,0.000545,0.000157,0,0,0,0,0,3,5,4,6,1,1,2
59.166.0.8,37272,149.171.126.1,25,tcp,FIN,0.45685,37168,3380,31,29,18,8,smtp,638353.9375,57787.01953,52,42,255,255,1320040338,3466479374,715,80,0,0,768.002557,25.407016,1421930505,1421930506,8.930725,11.129292999999999,0.000671,0.000544,0.000127,0,0,0,0,0,1,1,3,2,1,1,1
59.166.0.1,2047,149.171.126.5,53,udp,CON,0.0010810000000000001,146,178,31,29,0,0,dns,540240.5625,658649.4375,2,2,0,0,0,0,73,89,0,0,0.0,0.0,1421944186,1421944186,0.004,0.009000000000000001,0.0,0.0,0.0,0,0,0,0,0,1,3,1,3,1,1,1
175.45.176.0,2048,149.171.126.11,1812,udp,INT,4.731193,3808,0,254,0,0,0,radius,5634.09668,0.0,8,0,0,0,0,0,476,0,0,0,788.376437,0.0,1421928230,1421928234,675.884688,0.0,0.0,0.0,0.0,0,2,0,0,0,1,1,1,1,1,1,1
59.166.0.8,22846,149.171.126.7,80,tcp,FIN,1.115141,1684,10168,31,29,3,5,http,11220.10547,68898.90625,14,18,255,255,551834357,552846114,120,565,1,3924,8909.064581999999,7800.817139,1421929255,1421929256,85.750998,65.561176,0.000733,0.000598,0.000135,0,0,1,0,0,2,1,1,1,1,1,1
59.166.0.4,56333,149.171.126.0,53,udp,CON,0.0011380000000000001,146,178,31,29,0,0,dns,513181.0,625659.0,2,2,0,0,0,0,73,89,0,0,0.0,0.0,1421940344,1421940344,0.011000000000000001,0.008,0.0,0.0,0.0,0,0,0,0,0,4,6,3,1,1,1,1
175.45.176.0,5529,149.171.126.19,21,tcp,FIN,0.779871,1890,1316,254,252,6,6,-,18310.7207,12658.50391,18,16,255,255,280421902,2670954029,105,82,0,0,2309.9330210000003,57.39116,1421932400,1421932401,43.497294000000004,50.732668,0.038541000000000006,0.018879,0.019662,0,1,0,0,0,2,2,1,1,1,1,1
59.166.0.4,37747,149.171.126.0,15045,udp,CON,0.037087,544,304,31,29,0,0,-,88009.27344,49181.65234,4,4,0,0,0,0,136,76,0,0,9.418428,11.271989,1421929769,1421929769,6.666333,7.974,0.0,0.0,0.0,0,0,0,0,0,13,5,7,6,1,1,3
59.166.0.4,58945,149.171.126.3,65185,tcp,FIN,0.0436,2438,19420,31,29,7,13,-,435596.3125,3474312.0,38,40,255,255,2236535762,2319287440,64,486,0,0,70.743038,68.948311,1421949352,1421949352,1.169378,1.104974,0.000634,0.0005009999999999999,0.000133,0,0,0,0,0,3,5,3,2,1,1,1
59.166.0.5,62309,149.171.126.3,42130,tcp,FIN,0.059092,528,8824,31,29,1,4,-,64441.88672,1095105.875,10,12,255,255,3137002041,1255619029,53,735,0,0,609.182813,534.756393,1421955649,1421955649,6.527889,5.324182,0.000663,0.000523,0.00014,0,0,0,0,0,17,11,4,3,1,1,2
59.166.0.2,4646,149.171.126.6,5190,tcp,FIN,0.008803,1920,4312,31,29,6,6,-,1665795.75,3755992.5,22,24,255,255,2139489582,4289400397,87,180,0,0,31.603548999999997,23.956779,1421942426,1421942426,0.39981,0.35513,0.000779,0.000624,0.000155,0,0,0,0,0,2,3,2,2,1,1,1
59.166.0.5,2458,149.171.126.8,53492,tcp,FIN,0.071296,3806,53914,31,29,7,26,-,420444.3438,5958034.0,64,66,255,255,3678370988,3674513280,59,817,0,0,69.609436,67.92403900000001,1421938441,1421938441,1.1254600000000001,1.0872620000000002,0.000769,0.0006129999999999999,0.000156,0,0,0,0,0,5,8,1,1,1,1,1
59.166.0.9,62889,149.171.126.7,53,udp,CON,0.001008,130,162,31,29,0,0,dns,515873.0313,642857.125,2,2,0,0,0,0,65,81,0,0,0.0,0.0,1421946842,1421946842,0.011000000000000001,0.008,0.0,0.0,0.0,0,0,0,0,0,2,3,2,4,1,1,1
59.166.0.1,35631,149.171.126.7,111,udp,CON,0.004998,568,312,31,29,0,0,-,681872.75,374549.8438,4,4,0,0,0,0,142,78,0,0,1.770833,1.628231,1421938125,1421938125,1.259667,1.159333,0.0,0.0,0.0,0,0,0,0,0,9,5,6,4,1,1,3
59.166.0.7,54948,149.171.126.6,53,udp,CON,0.001111,132,164,31,29,0,0,dns,475247.5313,590459.0625,2,2,0,0,0,0,66,82,0,0,0.0,0.0,1421930278,1421930278,0.011000000000000001,0.009000000000000001,0.0,0.0,0.0,0,0,0,0,0,3,3,2,7,1,1,1
59.166.0.3,9338,149.171.126.4,80,tcp,FIN,1.166823,1684,10168,31,29,3,5,http,10723.13379,65847.17188,14,18,255,255,1989189253,4197413557,120,565,1,3924,8840.678170000001,7758.468122,1421930321,1421930322,89.729228,68.60770600000001,0.000611,0.000489,0.000122,0,0,1,0,0,1,4,2,1,1,1,1
59.166.0.2,6370,149.171.126.7,80,tcp,FIN,1.008964,1684,10168,31,29,3,5,-,12400.83984,76149.39844,14,18,255,255,832049883,833250466,120,565,2,192,8774.952165,7683.614901000001,1421945172,1421945173,77.58807900000001,59.30494100000001,0.0009660000000000001,0.000775,0.00019099999999999998,0,0,6,0,0,12,7,10,6,5,5,5
59.166.0.2,7473,149.171.126.1,53,udp,CON,0.001139,146,178,31,29,0,0,dns,512730.4375,625109.6875,2,2,0,0,0,0,73,89,0,0,0.0,0.0,1421939696,1421939696,0.006999999999999999,0.01,0.0,0.0,0.0,0,0,0,0,0,2,2,1,1,1,1,1
59.166.0.0,16619,149.171.126.8,15290,tcp,FIN,0.30396799999999996,4288,2976,31,29,7,7,-,108537.7344,75534.26563,26,28,255,255,2111257477,4264045664,165,106,0,0,709.93025,18.318953,1421932414,1421932415,12.145760000000001,11.236444,0.000705,0.00058,0.000125,0,0,0,0,0,13,11,2,4,1,1,1
59.166.0.3,61477,149.171.126.5,143,tcp,FIN,0.783806,7816,15296,31,29,30,32,-,79121.61719,154885.2656,122,126,255,255,2991543727,2992581976,64,121,0,0,438.272983,434.370648,1421941693,1421941694,6.474711,6.266456,0.0006360000000000001,0.0004940000000000001,0.00014199999999999998,0,0,0,0,0,12,4,2,5,1,1,1
59.166.0.9,46947,149.171.126.4,33616,tcp,FIN,0.012529,2438,19420,31,29,7,13,-,1515843.25,12090351.0,38,40,255,255,4213212415,2080369341,64,486,0,0,0.0,17.886654999999998,1421948804,1421948804,0.32962199999999997,0.307026,0.000705,0.000552,0.000153,0,0,0,0,0,5,2,7,2,1,1,1
59.166.0.8,62179,149.171.126.6,60086,tcp,CON,0.08329500000000001,1880,47382,31,29,1,16,-,175568.75,4427828.5,36,37,255,255,1805932708,1825450824,52,1281,0,0,133.693452,132.38102,1421952590,1421952590,2.379857,2.293195,0.00048499999999999997,0.00048499999999999997,0.0,0,0,0,0,0,4,4,4,5,1,1,3
59.166.0.8,7647,149.171.126.9,6024,tcp,FIN,0.278971,4816,2872,31,29,7,7,-,132372.1875,79205.36719,24,26,255,255,614635521,2767432086,201,110,0,0,840.471224,22.775287,1421953397,1421953397,12.115043,11.13712,0.000688,0.000535,0.000153,0,0,0,0,0,6,10,5,3,1,1,3
59.166.0.1,38182,149.171.126.9,53,udp,CON,0.001134,146,178,31,29,0,0,dns,514991.1875,627865.9375,2,2,0,0,0,0,73,89,0,0,0.0,0.0,1421944258,1421944258,0.009000000000000001,0.01,0.0,0.0,0.0,0,0,0,0,0,3,3,1,2,1,1,1
59.166.0.2,14801,149.171.126.4,1616,tcp,FIN,0.060652,4222,61786,31,29,7,30,-,549231.6875,8039570.0,72,74,255,255,634760339,635047530,59,835,0,0,58.517959999999995,56.566724,1421945218,1421945218,0.849282,0.833931,0.0007599999999999999,0.000602,0.00015800000000000002,0,0,0,0,0,23,6,8,22,3,3,6
59.166.0.2,16877,149.171.126.3,37365,tcp,FIN,0.083088,2958,32368,31,29,7,18,-,278933.1563,3054207.5,48,50,255,255,137409735,137669911,62,647,0,0,0.0,121.631352,1421935947,1421935948,1.7609150000000002,1.683776,0.000736,0.000579,0.000157,0,0,0,0,0,2,10,2,2,1,1,1
59.166.0.3,48043,149.171.126.5,53,udp,CON,0.0010689999999999999,130,162,31,29,0,0,-,486435.9375,606174.0,2,2,0,0,0,0,65,81,0,0,0.0,0.0,1421933304,1421933304,0.011000000000000001,0.008,0.0,0.0,0.0,0,0,0,0,0,11,12,3,1,1,1,1
59.166.0.2,10713,149.171.126.6,18033,tcp,FIN,0.006770999999999999,424,8824,31,29,1,4,-,438339.9688,9557229.0,8,12,255,255,734504099,741875221,53,735,0,0,56.548215,31.515251,1421945161,1421945161,0.919286,0.572818,0.0006,0.000466,0.000134,0,0,0,0,0,13,19,18,16,3,3,14
59.166.0.2,24938,149.171.126.6,25,tcp,FIN,0.362098,37408,3276,31,29,18,8,-,810587.1875,70588.625,52,40,255,255,3491617566,1347265671,719,82,0,0,796.221612,27.375037,1421934597,1421934597,7.092528999999999,9.270128,0.000698,0.000557,0.00014099999999999998,0,0,0,0,0,7,11,5,3,1,1,1
59.166.0.0,42660,149.171.126.6,8716,tcp,FIN,0.013056,2230,13288,31,29,7,11,-,1326593.125,7916054.0,34,36,255,255,1038192426,3183815560,66,369,0,0,30.958334999999998,29.927177,1421936121,1421936121,0.38266700000000003,0.35857100000000003,0.000977,0.000499,0.000478,0,0,0,0,0,6,11,5,3,1,1,2
59.166.0.3,36792,149.171.126.1,18327,udp,CON,0.117048,528,304,31,29,0,0,-,27065.81836,15583.34961,4,4,0,0,0,0,132,76,0,0,37.214559,43.842508,1421951842,1421951842,26.325666,31.008334,0.0,0.0,0.0,0,0,0,0,0,6,4,2,4,1,1,2
59.166.0.4,53285,149.171.126.2,26996,udp,CON,0.0016539999999999999,520,304,31,29,0,0,-,1886336.125,1102781.125,4,4,0,0,0,0,130,76,0,0,0.597741,0.266816,1421928113,1421928113,0.426667,0.192667,0.0,0.0,0.0,0,0,0,0,0,8,8,4,3,1,1,3
59.166.0.6,16849,149.171.126.4,53,udp,CON,0.001042,130,162,31,29,0,0,dns,499040.3125,621881.0,2,2,0,0,0,0,65,81,0,0,0.0,0.0,1421942688,1421942688,0.011000000000000001,0.008,0.0,0.0,0.0,0,0,0,0,0,4,2,3,5,1,1,1
59.166.0.6,55133,149.171.126.7,53,udp,CON,0.001023,146,178,31,29,0,0,dns,570870.0,695992.1875,2,2,0,0,0,0,73,89,0,0,0.0,0.0,1421929151,1421929151,0.006,0.008,0.0,0.0,0.0,0,0,0,0,0,2,1,3,2,1,1,1
59.166.0.1,41988,149.171.126.5,53,udp,CON,0.00105,146,178,31,29,0,0,dns,556190.5,678095.25,2,2,0,0,0,0,73,89,0,0,0.0,0.0,1421942208,1421942208,0.011000000000000001,0.003,0.0,0.0,0.0,0,0,0,0,0,3,1,5,2,2,1,1
175.45.176.1,47439,149.171.126.18,53,udp,INT,1e-05,114,0,254,0,0,0,dns,45600000.0,0.0,2,0,0,0,0,0,57,0,0,0,0.0,0.0,1421933154,1421933154,0.01,0.0,0.0,0.0,0.0,0,2,0,0,0,4,4,4,4,4,4,4
59.166.0.7,55670,149.171.126.8,53,udp,CON,0.001108,146,178,31,29,0,0,dns,527075.8125,642599.25,2,2,0,0,0,0,73,89,0,0,0.0,0.0,1421937162,1421937162,0.011000000000000001,0.032,0.0,0.0,0.0,0,0,0,0,0,4,1,3,7,3,1,2
59.166.0.3,19872,149.171.126.9,25,tcp,FIN,0.032076,13470,2410,31,29,8,6,smtp,3254769.75,578875.125,32,27,255,255,2769471374,625116775,421,89,0,0,95.547903,2.8762220000000003,1421937409,1421937409,1.022484,1.212731,0.000665,0.000541,0.000124,0,0,0,0,0,2,3,3,3,1,1,1
59.166.0.0,35398,149.171.126.5,41627,tcp,FIN,0.08569600000000001,3390,40986,31,29,7,22,-,310866.3438,3760269.0,56,58,255,255,1384460347,3547619608,61,707,0,0,85.99271800000001,84.606645,1421933115,1421933115,1.552345,1.4941229999999999,0.0006490000000000001,0.000528,0.000121,0,0,0,0,0,10,7,1,2,1,1,1
59.166.0.8,55389,149.171.126.7,25341,tcp,FIN,0.048985,4238,61854,31,29,7,30,-,682657.9375,9965336.0,72,74,255,255,2355418906,2355743789,59,836,0,0,41.21428,39.63545,1421944906,1421944906,0.685268,0.662589,0.000729,0.000605,0.000124,0,0,0,0,0,19,10,10,15,4,4,4
59.166.0.5,9630,149.171.126.0,8367,tcp,FIN,0.02201,3614,44406,31,29,7,24,-,1291776.5,15880054.0,60,62,255,255,3212581069,3208653583,60,716,0,0,0.0,19.492839,1421936625,1421936625,0.367508,0.35141,0.000705,0.00057,0.000135,0,0,0,0,0,5,7,1,4,1,1,1
59.166.0.8,23470,149.171.126.1,53,udp,CON,0.001123,146,178,31,29,0,0,dns,520035.5938,634016.0,2,2,0,0,0,0,73,89,0,0,0.0,0.0,1421940549,1421940549,0.01,0.012,0.0,0.0,0.0,0,0,0,0,0,4,2,2,1,1,1,1
59.166.0.9,14291,149.171.126.6,12427,tcp,FIN,0.21983699999999998,3390,43544,31,29,7,22,-,121180.6953,1557299.25,56,58,255,255,84783547,2414217256,61,751,0,0,242.477905,237.659638,1421932089,1421932090,3.990873,3.846053,0.000785,0.000608,0.000177,0,0,0,0,0,4,5,2,2,1,1,1
59.166.0.7,62156,149.171.126.8,60975,tcp,FIN,0.014043,2646,24330,31,29,7,15,-,1471480.5,13545824.0,42,44,255,255,44880251,2190610012,63,553,0,0,19.885835,18.571856,1421941960,1421941960,0.3429,0.311465,0.0007769999999999999,0.0006389999999999999,0.000138,0,0,0,0,0,2,5,6,2,1,1,2
59.166.0.4,64720,149.171.126.3,53,udp,CON,0.001083,146,178,31,29,0,0,-,539242.875,657433.0625,2,2,0,0,0,0,73,89,0,0,0.0,0.0,1421932607,1421932607,0.004,0.008,0.0,0.0,0.0,0,0,0,0,0,10,8,2,3,1,1,1
59.166.0.2,26044,149.171.126.5,19426,tcp,FIN,0.036305000000000004,4014,58418,31,29,7,28,-,871505.3125,12688941.0,68,70,255,255,452548694,452866577,59,835,0,0,30.749928999999998,30.986482000000002,1421938715,1421938715,0.536582,0.516899,0.000788,0.000628,0.00016,0,0,0,0,0,8,9,4,2,1,1,1
59.166.0.9,15110,149.171.126.2,25,tcp,FIN,0.027418,37210,3380,31,29,18,8,smtp,10648479.0,962871.0625,52,42,255,255,3016078519,3017095943,716,80,0,0,30.904448,1.2313020000000001,1421929553,1421929553,0.530157,0.655415,0.000714,0.000542,0.000172,0,0,0,0,0,1,1,2,2,1,1,1
59.166.0.3,45937,149.171.126.2,53,udp,CON,0.001062,146,178,31,29,0,0,-,549905.8125,670433.125,2,2,0,0,0,0,73,89,0,0,0.0,0.0,1421934471,1421934471,0.011000000000000001,0.008,0.0,0.0,0.0,0,0,0,0,0,9,11,3,2,2,1,1
59.166.0.8,35104,149.171.126.2,6881,tcp,FIN,0.303721,1540,1644,31,29,4,4,-,38034.90625,40905.96094,16,18,255,255,1174351852,3359326335,96,91,0,0,1334.287494,36.57275,1421928164,1421928165,20.227199,17.739766,0.002329,0.002135,0.000194,0,0,0,0,0,11,10,6,9,5,1,5
59.166.0.5,39830,149.171.126.0,25,tcp,FIN,0.022688999999999997,37262,3276,31,29,18,8,smtp,12885892.0,1126537.125,52,40,255,255,2021269853,2022364031,717,82,0,0,24.659689,1.1475469999999999,1421946098,1421946098,0.438039,0.568462,0.000651,0.000513,0.000138,0,0,0,0,0,2,1,4,5,2,1,1
59.166.0.8,29588,149.171.126.3,56416,tcp,FIN,0.014372,2750,27730,31,29,7,16,-,1496242.75,15100474.0,44,46,255,255,716695353,717004400,63,603,0,0,18.344209,17.526323,1421947284,1421947284,0.325047,0.30506700000000003,0.000792,0.000633,0.00015900000000000002,0,0,0,0,0,3,12,1,2,1,1,1
59.166.0.2,22636,149.171.126.3,53,udp,CON,0.001075,130,162,31,29,0,0,dns,483720.9063,602790.6875,2,2,0,0,0,0,65,81,0,0,0.0,0.0,1421950838,1421950838,0.012,0.008,0.0,0.0,0.0,0,0,0,0,0,3,4,7,3,2,1,3
59.166.0.2,34508,149.171.126.4,53,udp,CON,0.001067,146,178,31,29,0,0,dns,547329.0,667291.5,2,2,0,0,0,0,73,89,0,0,0.0,0.0,1421939950,1421939950,0.006999999999999999,0.003,0.0,0.0,0.0,0,0,0,0,0,4,1,7,5,2,1,1
59.166.0.1,3572,149.171.126.0,46084,tcp,FIN,0.151071,4336,2664,31,29,7,7,-,218175.5625,134665.1563,20,22,255,255,2642806825,500572120,217,121,0,0,743.737033,21.014275,1421935948,1421935948,7.9336850000000005,7.167428999999999,0.0007070000000000001,0.000551,0.000156,0,0,0,0,0,9,7,3,4,1,1,3
59.166.0.7,11471,149.171.126.6,5190,tcp,FIN,0.004442,1036,2262,31,29,4,4,-,1710941.125,3735254.5,12,12,255,255,2532054292,382800660,86,189,0,0,18.524876000000003,0.412987,1421944717,1421944717,0.369818,0.34681799999999996,0.0007599999999999999,0.000593,0.000167,0,0,0,0,0,10,7,2,3,1,1,1
59.166.0.4,41145,149.171.126.7,25,tcp,FIN,0.024722,37288,3380,31,29,18,8,smtp,11834317.0,1067874.75,52,42,255,255,697738930,2844282903,717,80,0,0,29.695852000000002,0.9580219999999999,1421945322,1421945322,0.47796099999999997,0.588951,0.000705,0.000571,0.000134,0,0,0,0,0,1,1,14,19,5,5,5
59.166.0.5,41997,149.171.126.3,53,udp,CON,0.001149,130,162,31,29,0,0,dns,452567.4375,563968.6875,2,2,0,0,0,0,65,81,0,0,0.0,0.0,1421938746,1421938746,0.01,0.002,0.0,0.0,0.0,0,0,0,0,0,6,3,1,2,1,1,1
59.166.0.9,42342,149.171.126.6,9587,tcp,FIN,0.404802,320,1828,31,29,1,2,ftp-data,5276.653809,31620.398439999997,6,8,255,255,2339640350,327728708,53,229,0,0,5711.0460490000005,141.203891,1421935980,1421935980,80.8998,57.760715000000005,0.000611,0.00047300000000000006,0.000138,0,0,0,0,0,1,1,2,3,1,1,2
59.166.0.2,47041,149.171.126.7,51859,tcp,FIN,0.041984,2854,31360,31,29,7,17,-,532012.1875,5851181.5,46,48,255,255,3097493414,3101994354,62,653,0,0,63.030060999999996,61.145026,1421933694,1421933694,0.925644,0.8797229999999999,0.000797,0.0006259999999999999,0.000171,0,0,0,0,0,9,13,5,4,1,1,1
59.166.0.5,63225,149.171.126.7,6881,tcp,FIN,5.605601999999999,24536,1094788,31,29,38,390,-,34936.48047,1560600.375,436,858,255,255,2431501774,2433110238,56,1276,0,0,4973.443310000001,3542.889514,1421941857,1421941863,12.885701,6.540399,0.000603,0.00047400000000000003,0.000129,0,0,0,0,0,12,9,4,6,2,1,2
59.166.0.4,3951,149.171.126.2,53,udp,CON,0.00099,146,178,31,29,0,0,dns,589899.0,719191.9375,2,2,0,0,0,0,73,89,0,0,0.0,0.0,1421947930,1421947930,0.011000000000000001,0.002,0.0,0.0,0.0,0,0,0,0,0,4,5,3,10,2,1,2
59.166.0.5,58573,149.171.126.1,25,tcp,FIN,0.031462000000000004,37460,3172,31,29,18,8,smtp,9342064.0,785455.5,52,38,255,255,1660244452,1661349160,720,83,0,0,36.897488,1.811652,1421950249,1421950249,0.610078,0.8349190000000001,0.0007,0.0005650000000000001,0.000135,0,0,0,0,0,2,1,3,7,2,1,2
59.166.0.2,44474,149.171.126.4,57638,tcp,FIN,0.024881,3806,51314,31,29,7,26,-,1204774.75,16249186.0,64,66,255,255,968526747,968831997,59,777,0,0,21.193866,20.764435,1421927985,1421927985,0.389714,0.373323,0.000771,0.000604,0.000167,0,0,0,0,0,5,2,2,5,1,1,1
59.166.0.8,38007,149.171.126.2,8337,tcp,FIN,0.117324,3926,58386,31,29,7,27,-,263680.0625,3922675.5,66,68,255,255,1031217710,1068699885,59,859,0,0,93.649989,92.149649,1421940065,1421940065,1.799754,1.7418959999999999,0.0007769999999999999,0.00061,0.000167,0,0,0,0,0,10,3,1,4,1,1,1
59.166.0.0,19025,149.171.126.1,80,tcp,FIN,1.006261,1580,10168,31,29,3,5,http,11519.874020000001,76353.94531,12,18,255,255,741753917,2892362225,132,565,1,3924,9530.128420000001,7676.112993000001,1421953862,1421953863,91.42254399999999,59.161,0.000657,0.0005200000000000001,0.00013700000000000002,0,0,1,0,0,4,1,2,2,1,1,1
59.166.0.0,24260,149.171.126.1,62775,tcp,FIN,0.033031,2646,24330,31,29,7,15,-,625594.125,5758953.5,42,44,255,255,2638500525,493429691,63,553,0,0,58.88949,57.21184,1421941575,1421941575,0.797244,0.753628,0.000741,0.000615,0.000126,0,0,0,0,0,10,5,2,2,1,1,1
59.166.0.3,9460,149.171.126.2,3211,udp,CON,0.036068,528,304,31,29,0,0,-,87834.09375,50571.14453,4,4,0,0,0,0,132,76,0,0,9.430684,10.814256,1421937926,1421937926,6.6770000000000005,7.6523330000000005,0.0,0.0,0.0,0,0,0,0,0,11,8,6,4,1,1,3
10.40.182.1,0,224.0.0.5,0,ospf,REQ,50.004459000000004,384,0,1,0,0,0,-,51.195434999999996,0.0,6,0,0,0,0,0,64,0,0,0,4.082844000000001,0.0,1421927917,1421927967,10000.888,0.0,0.0,0.0,0.0,0,0,0,0,0,2,4,4,2,2,4,2
59.166.0.8,60982,149.171.126.0,18889,tcp,FIN,0.018955,2750,26584,31,29,7,16,-,1134476.375,10976312.0,44,46,255,255,3596539130,1451473476,63,578,0,0,26.367966999999997,27.018866999999997,1421941147,1421941147,0.43327899999999997,0.40744400000000003,0.00075,0.00061,0.00014,0,0,0,0,0,8,12,1,2,1,1,1
59.166.0.1,21510,149.171.126.3,19241,tcp,FIN,0.0258,3598,48918,31,29,7,24,-,1097364.25,14923720.0,60,62,255,255,3754708452,3782585153,60,789,0,0,0.0,23.881744,1421930349,1421930349,0.431881,0.41485200000000005,0.000615,0.00049,0.000125,0,0,0,0,0,2,3,2,3,1,1,1
59.166.0.0,14601,149.171.126.8,6881,tcp,FIN,7.3145240000000005,26544,1218956,31,29,42,434,-,28970.304689999997,1331793.0,472,954,255,255,2811835255,2815973395,56,1278,0,0,5868.571969,4124.867164,1421940115,1421940122,15.529086999999999,7.674722,0.000624,0.00048600000000000005,0.000138,0,0,0,0,0,15,10,5,6,2,1,2
59.166.0.0,44481,149.171.126.3,80,tcp,FIN,1.064712,1684,10168,31,29,3,5,http,11751.53418,72162.23438,14,18,255,255,1916738388,1917795462,120,565,1,3924,8780.069125,7688.251909999999,1421939633,1421939634,81.874382,62.598824,0.000691,0.000525,0.000166,0,0,1,0,0,1,1,2,1,1,1,1
59.166.0.2,56977,149.171.126.2,6881,tcp,FIN,0.952018,13454,548216,31,29,21,197,-,112577.7031,4596257.5,234,438,255,255,1483173223,3633159085,57,1252,0,0,1248.233608,911.141125,1421937210,1421937211,4.084575,2.177485,0.000594,0.000454,0.00014,0,0,0,0,0,9,10,4,5,2,1,2
59.166.0.3,39758,149.171.126.6,6881,tcp,FIN,0.248867,1540,1644,31,29,4,4,-,46418.36719,49922.24609,16,18,255,255,2106696235,4279342356,96,91,0,0,1027.4242789999998,28.560847999999996,1421935793,1421935794,16.570466,14.610353,0.0006190000000000001,0.00048499999999999997,0.000134,0,0,0,0,0,5,9,6,4,4,1,4
59.166.0.4,37701,149.171.126.7,80,tcp,FIN,1.1536680000000001,1684,10168,31,29,3,5,http,10845.407229999999,66598.01563,14,18,255,255,3942889752,1798543209,120,565,1,3924,8848.008722,7749.583087999999,1421943631,1421943632,88.714772,67.834824,0.000604,0.000472,0.000132,0,0,1,0,0,1,1,3,2,1,1,2
59.166.0.0,49424,149.171.126.8,21,tcp,FIN,0.608342,2934,3740,31,29,11,15,ftp,37847.13281,48275.47656,52,54,255,255,2602338036,2607570136,56,69,0,0,1240.0626539999998,48.768738,1421934753,1421934753,11.922373,11.467868,0.000684,0.000539,0.000145,0,0,0,1,1,1,1,4,6,1,1,3
59.166.0.5,53351,149.171.126.3,5190,tcp,FIN,0.006185,1064,2260,31,29,4,4,-,1262409.125,2680032.5,12,12,255,255,2340712282,2341918306,89,188,0,0,28.913460999999998,0.45318500000000006,1421948077,1421948077,0.529091,0.36736399999999997,0.002353,0.002134,0.00021899999999999998,0,0,0,0,0,2,5,3,1,1,1,1
59.166.0.1,48692,149.171.126.6,22,tcp,FIN,0.794917,14512,17238,31,29,22,32,ssh,144588.6875,171781.4531,100,102,255,255,1186759976,3336600496,145,169,0,0,685.551813,680.067321,1421936901,1421936902,8.029465,7.864198,0.0005639999999999999,0.000462,0.000102,0,0,0,0,0,2,1,3,3,1,1,1
59.166.0.0,49028,149.171.126.0,6881,tcp,FIN,1.34343,7462,275570,31,29,13,101,-,44078.21484,1633859.5,124,230,255,255,4266626652,4271349383,60,1198,0,0,2905.65035,2133.477529,1421945543,1421945544,10.91961,5.890162,0.000604,0.000469,0.000135,0,0,0,0,0,30,25,10,9,4,2,4
59.166.0.3,29853,149.171.126.5,25,tcp,FIN,0.371657,37252,3080,31,29,17,7,smtp,785154.0,64554.14453,48,38,255,255,4080135624,4077021963,776,81,0,0,807.34729,27.076262,1421937733,1421937733,7.899681,10.029135,0.000728,0.000575,0.000153,0,0,0,0,0,2,1,3,2,1,1,1
59.166.0.4,21127,149.171.126.1,80,tcp,FIN,1.4729370000000002,1684,10168,31,29,3,5,http,8494.592773,52162.44922,14,18,255,255,2546388038,2579245320,120,565,1,3924,9577.568976999999,8383.734047,1421943847,1421943849,113.27461799999999,86.610412,0.000712,0.000553,0.00015900000000000002,0,0,1,0,0,2,1,1,5,1,1,1
59.166.0.5,37074,149.171.126.3,13590,tcp,FIN,0.09980800000000001,3614,49036,31,29,7,24,-,284866.9375,3867104.75,60,62,255,255,2303702690,2341285124,60,791,0,0,88.949838,87.609087,1421942165,1421942165,1.6860169999999999,1.626574,0.000763,0.000583,0.00018,0,0,0,0,0,8,11,2,3,1,1,1
59.166.0.6,26164,149.171.126.2,80,tcp,FIN,1.1258540000000001,1580,10168,31,29,3,5,http,10296.18359,68243.30469,12,18,255,255,3705757693,3706877911,132,565,1,3924,10533.16725,8481.884327,1421928566,1421928567,102.315821,66.196585,0.000625,0.000505,0.00011999999999999999,0,0,1,0,0,2,3,5,4,2,1,2
59.166.0.1,56292,149.171.126.7,24569,tcp,FIN,0.019121,2438,18678,31,29,7,13,-,993253.4375,7619685.0,38,40,255,255,2262622506,130582185,64,467,0,0,0.0,34.603794,1421951778,1421951778,0.50727,0.478026,0.000599,0.00047400000000000003,0.000125,0,0,0,0,0,7,3,3,3,1,1,1
59.166.0.3,40559,149.171.126.6,9194,tcp,FIN,0.046087,2958,30654,31,29,7,17,-,502875.0,5210319.5,48,48,255,255,457877215,2607775981,62,639,0,0,60.962644,1.673657,1421939334,1421939334,0.973404,0.9682129999999999,0.000699,0.000573,0.000126,0,0,0,0,0,4,2,2,3,1,1,2
59.166.0.3,53622,149.171.126.9,80,tcp,FIN,48.416592,18370,1087890,31,29,2,370,-,3026.565674,179514.0,344,746,255,255,3126458110,3129175121,53,1458,1,524288,9665.883189,6492.661981,1421955355,1421955404,141.155316,64.988063,0.000609,0.00047699999999999994,0.000132,0,0,1,0,0,10,18,5,1,1,1,1
59.166.0.9,46993,149.171.126.4,3985,tcp,FIN,0.029945,3406,37798,31,29,7,21,-,893905.5,9917916.0,56,56,255,255,3331751614,1186686539,61,675,0,0,33.272164000000004,0.891332,1421936815,1421936815,0.538582,0.533927,0.000718,0.000567,0.000151,0,0,0,0,0,15,6,3,8,1,1,1
59.166.0.8,58383,149.171.126.3,59206,tcp,FIN,0.039955000000000004,3926,53634,31,29,7,27,-,774271.0,10581103.0,66,68,255,255,3617671947,3617959033,59,789,0,0,35.314684,34.894162,1421954157,1421954157,0.609815,0.587358,0.0007509999999999999,0.000593,0.00015800000000000002,0,0,0,0,0,10,10,2,5,1,1,2
59.166.0.6,25490,149.171.126.9,62151,tcp,FIN,0.007417,4432,2456,31,29,7,7,-,4515033.0,2502359.5,18,18,255,255,3839974926,3838864097,246,136,0,0,22.936122,0.552868,1421947547,1421947547,0.417588,0.35288200000000003,0.001536,0.001411,0.000125,0,0,0,0,0,6,7,4,6,1,1,3
175.45.176.1,0,149.171.126.12,0,netblt,INT,1.2e-05,200,0,254,0,0,0,-,72727272.0,0.0,2,0,0,0,0,0,100,0,0,0,0.0,0.0,1421930672,1421930672,0.011000000000000001,0.0,0.0,0.0,0.0,0,2,0,0,0,22,17,4,4,4,4,4
59.166.0.2,32039,149.171.126.4,25,tcp,FIN,0.5007020000000001,37574,3276,31,29,18,8,smtp,588805.3125,51048.32422,52,40,255,255,3255400078,1111098373,723,82,0,0,902.65541,30.269832,1421941443,1421941444,9.80998,12.824154,0.000733,0.0005549999999999999,0.000178,0,0,0,0,0,1,1,4,6,1,1,4
59.166.0.2,54018,149.171.126.5,52385,tcp,FIN,0.048025,3598,48710,31,29,7,24,-,589526.25,7983342.0,60,62,255,255,4136989330,4137255905,60,786,0,0,49.315552000000004,50.689871000000004,1421929755,1421929755,0.8086270000000001,0.7782789999999999,0.0006799999999999999,0.000542,0.000138,0,0,0,0,0,5,11,3,4,1,1,1
59.166.0.3,56625,149.171.126.7,5190,tcp,FIN,0.008106,2152,2410,31,29,6,7,-,2042931.25,2287688.25,26,26,255,255,3724796911,1579722178,83,93,0,0,17.685119,20.179976999999997,1421928727,1421928727,0.2906,0.3024,0.000677,0.000536,0.00014099999999999998,0,0,0,0,0,7,5,1,3,1,1,1
59.166.0.0,62747,149.171.126.2,53,udp,CON,0.001027,130,162,31,29,0,0,dns,506329.0938,630963.9375,2,2,0,0,0,0,65,81,0,0,0.0,0.0,1421937065,1421937065,0.011000000000000001,0.008,0.0,0.0,0.0,0,0,0,0,0,3,2,8,2,1,1,1
59.166.0.5,21163,149.171.126.3,111,udp,CON,0.005147,568,304,31,29,0,0,-,662133.3125,354381.2188,4,4,0,0,0,0,142,76,0,0,1.628233,1.7383060000000001,1421931131,1421931131,1.159333,1.234667,0.0,0.0,0.0,0,0,0,0,0,6,5,4,7,1,1,3
59.166.0.7,16332,149.171.126.0,15125,tcp,FIN,0.5885630000000001,4584,3080,31,29,7,7,-,60092.12109,40478.24609,28,30,255,255,551402064,2723217443,164,103,0,0,1299.9939060000002,33.990313,1421936821,1421936822,21.781297,20.274518,0.0007019999999999999,0.000596,0.000106,0,0,0,0,0,7,5,3,1,1,1,1
175.45.176.2,51989,149.171.126.13,179,tcp,FIN,1.13235,2530,354,254,252,2,1,-,16086.89941,2190.1357420000004,10,8,255,255,4121144760,666319292,253,44,0,0,6649.487189,262.389781,1421927973,1421927974,122.65911100000001,147.594422,0.17410499999999998,0.099188,0.074917,0,1,0,0,0,2,3,1,1,1,1,1
59.166.0.8,17530,149.171.126.1,24325,tcp,FIN,0.002986,320,1898,31,29,1,2,ftp-data,715338.25,4450100.5,6,8,255,255,1214463768,3367949679,53,237,0,0,29.171971999999997,0.542587,1421952814,1421952814,0.5254,0.351143,0.000657,0.000524,0.000133,0,0,0,0,0,1,1,2,3,1,1,1
59.166.0.2,7620,149.171.126.0,46128,tcp,FIN,0.0326,2646,24694,31,29,7,15,-,633865.0,5922208.5,42,44,255,255,3312715574,1163452769,63,561,0,0,52.080981,48.601017,1421947052,1421947052,0.7863899999999999,0.744791,0.000705,0.000563,0.00014199999999999998,0,0,0,0,0,10,7,2,3,1,1,1
149.171.126.7,6881,59.166.0.1,11240,tcp,FIN,4.026203,59766,1420,29,31,21,2,-,116633.9531,2714.219727,56,26,255,255,89868375,2227906513,1067,55,0,0,16690.96393,5.881825,1421937064,1421937068,73.203692,4.37556,0.0,0.0,0.0,0,0,0,0,0,2,3,2,2,1,2,2
59.166.0.2,7624,149.171.126.4,53,udp,CON,0.002362,130,162,31,29,0,0,dns,220152.4063,274343.7813,2,2,0,0,0,0,65,81,0,0,0.0,0.0,1421946983,1421946983,0.01,0.003,0.0,0.0,0.0,0,0,0,0,0,3,1,3,2,2,1,1
59.166.0.4,48746,149.171.126.8,80,tcp,FIN,0.0039310000000000005,1028,824,31,29,2,2,http,1831595.0,1510048.375,8,10,255,255,1442417766,1443455540,129,82,1,83,31.810028999999997,0.686004,1421937592,1421937592,0.508286,0.381889,0.000661,0.00049,0.000171,0,0,1,0,0,2,2,2,4,1,1,1
59.166.0.2,20923,149.171.126.5,48047,tcp,FIN,1.4854040000000002,320,1856,31,29,1,2,ftp-data,1437.992554,8746.442383,6,8,255,255,3151842435,2206797931,53,232,0,0,20990.642969999997,519.261,1421952705,1421952707,297.0168,212.13257799999997,0.0006490000000000001,0.00047300000000000006,0.000176,0,0,0,0,0,4,2,2,2,1,1,1
59.166.0.8,5563,149.171.126.1,111,udp,CON,0.004793,568,320,31,29,0,0,-,711036.9375,400584.1875,4,4,0,0,0,0,142,80,0,0,1.7434919999999998,1.518865,1421951082,1421951082,1.239333,1.083,0.0,0.0,0.0,0,0,0,0,0,11,11,5,5,1,1,4
59.166.0.6,3408,149.171.126.8,53,udp,CON,0.001149,146,178,31,29,0,0,dns,508268.0625,619669.25,2,2,0,0,0,0,73,89,0,0,0.0,0.0,1421936892,1421936892,0.006999999999999999,0.002,0.0,0.0,0.0,0,0,0,0,0,3,2,4,4,3,1,1
175.45.176.1,47439,149.171.126.18,53,udp,INT,4e-06,114,0,254,0,0,0,dns,114000000.0,0.0,2,0,0,0,0,0,57,0,0,0,0.0,0.0,1421933216,1421933216,0.004,0.0,0.0,0.0,0.0,0,2,0,0,0,4,4,5,6,4,4,4
59.166.0.5,9163,149.171.126.4,52579,tcp,FIN,0.22239299999999998,424,8824,31,29,1,4,-,13345.74316,290980.375,8,12,255,255,1923784296,4139904015,53,735,0,0,2107.310219,1673.658881,1421945006,1421945006,31.723001,20.173091,0.0006259999999999999,0.00048300000000000003,0.000143,0,0,0,0,0,9,7,6,7,2,2,5
59.166.0.7,8400,149.171.126.5,46358,udp,CON,0.0016579999999999998,528,304,31,29,0,0,-,1910735.75,1100120.625,4,4,0,0,0,0,132,76,0,0,0.593735,0.291566,1421939205,1421939205,0.425333,0.20966700000000002,0.0,0.0,0.0,0,0,0,0,0,8,13,6,3,1,1,3
59.166.0.9,62364,149.171.126.2,53,udp,CON,0.0010019999999999999,146,178,31,29,0,0,dns,582834.375,710578.875,2,2,0,0,0,0,73,89,0,0,0.0,0.0,1421936242,1421936242,0.011000000000000001,0.009000000000000001,0.0,0.0,0.0,0,0,0,0,0,4,2,1,4,1,1,1
59.166.0.9,1074,149.171.126.5,18072,tcp,FIN,0.573395,4696,3080,31,29,7,7,-,63188.55078,41549.01953,28,30,255,255,3125364440,1081392220,168,103,0,0,1199.546429,30.577756,1421950191,1421950191,21.224407,19.751932,0.000779,0.000585,0.000194,0,0,0,0,0,6,13,6,4,1,1,4
59.166.0.9,53629,149.171.126.1,30035,tcp,FIN,0.055241,2854,29218,31,29,7,17,-,404337.3438,4143299.25,46,48,255,255,191919941,238809271,62,609,0,0,106.317835,104.446639,1421945143,1421945143,1.220644,1.1624889999999999,0.000729,0.000598,0.000131,0,0,0,0,0,21,15,17,24,4,4,13
59.166.0.6,47166,149.171.126.8,50919,tcp,FIN,0.152284,2958,32368,31,29,7,18,-,152189.3281,1666412.75,48,50,255,255,3792730036,1647625328,62,647,0,0,191.373197,187.25608799999998,1421935936,1421935936,3.233298,3.096714,0.000664,0.000534,0.00013000000000000002,0,0,0,0,0,7,4,2,3,1,1,1
59.166.0.2,61241,149.171.126.4,55864,tcp,FIN,0.017921,2974,31920,31,29,7,18,-,1300373.75,13964399.0,48,50,255,255,244274979,2394163179,62,638,0,0,20.329282,20.248724,1421946753,1421946753,0.37395700000000004,0.36075,0.000755,0.000594,0.000161,0,0,0,0,0,14,8,5,4,1,1,1
59.166.0.3,16609,149.171.126.9,34864,tcp,FIN,0.028506999999999998,3062,31788,31,29,7,18,-,842179.125,8742555.0,50,50,255,255,4244814525,2111197150,61,636,0,0,0.0,0.9490709999999999,1421941316,1421941316,0.574184,0.571408,0.000644,0.000504,0.00014,0,0,0,0,0,8,9,5,5,1,1,4
59.166.0.4,35902,149.171.126.2,6881,tcp,FIN,2.3321110000000003,13246,548216,31,29,21,197,-,45243.13281,1876291.625,230,438,255,255,2953132828,2964830540,58,1252,0,0,3560.7073920000003,2577.231209,1421936020,1421936022,10.182485,5.335526,0.000614,0.000482,0.000132,0,0,0,0,0,6,8,3,3,2,1,3
59.166.0.6,62160,149.171.126.7,53,udp,CON,0.001019,146,178,31,29,0,0,dns,573110.9375,698724.25,2,2,0,0,0,0,73,89,0,0,0.0,0.0,1421934948,1421934948,0.012,0.01,0.0,0.0,0.0,0,0,0,0,0,3,3,4,4,1,1,1
59.166.0.0,45481,149.171.126.9,5190,tcp,FIN,0.005831,1958,2308,31,29,6,6,-,2564225.75,3034814.0,22,24,255,255,3604844711,3609372342,89,96,0,0,15.880722,13.922064,1421952267,1421952267,0.260952,0.224478,0.0008320000000000001,0.0006580000000000001,0.000174,0,0,0,0,0,6,5,1,1,1,1,1
59.166.0.0,17626,149.171.126.4,53,udp,CON,0.001072,146,178,31,29,0,0,dns,544776.125,664179.125,2,2,0,0,0,0,73,89,0,0,0.0,0.0,1421946297,1421946297,0.011000000000000001,0.008,0.0,0.0,0.0,0,0,0,0,0,8,4,4,2,1,1,2
59.166.0.3,23832,149.171.126.1,21355,tcp,FIN,0.011862000000000001,2542,21006,31,29,7,14,-,1671893.375,13829708.0,40,42,255,255,1126551615,3272196315,64,500,0,0,17.184197,16.658437,1421933573,1421933573,0.296718,0.276366,0.0006320000000000001,0.000526,0.000106,0,0,0,0,0,10,4,2,2,1,1,1
59.166.0.8,65328,149.171.126.3,40914,udp,CON,0.001703,536,304,31,29,0,0,-,1888432.125,1071051.0,4,4,0,0,0,0,134,76,0,0,0.62037,0.28332399999999996,1421955576,1421955576,0.445667,0.206333,0.0,0.0,0.0,0,0,0,0,0,20,7,3,6,1,1,3
175.45.176.3,25870,149.171.126.13,51842,tcp,FIN,2.408826,2084,373591,62,252,1,142,-,6778.405273,1236433.0,48,288,255,255,1827385607,3882412124,43,1297,0,0,3000.04925,1125.740199,1421933800,1421933802,51.234938,8.209592,0.067214,0.052663,0.014551,0,1,0,0,0,3,2,2,2,1,1,2
59.166.0.4,6250,149.171.126.9,6881,tcp,FIN,0.523799,1540,1644,31,29,4,4,-,22054.26172,23719.02148,16,18,255,255,58430171,2396367102,96,91,0,0,3652.975308,82.487062,1421927443,1421927444,34.897932,30.451646000000004,0.006978,0.0061200000000000004,0.000858,0,0,0,0,0,6,16,12,6,4,1,4
59.166.0.7,19307,149.171.126.3,6881,tcp,FIN,15.770901,25784,1084288,31,29,38,385,-,13050.87109,549373.3125,460,851,255,255,1646544442,1653983666,56,1274,0,0,14136.42165,10396.661970000001,1421929192,1421929208,34.358496,18.553373999999998,0.000669,0.0005269999999999999,0.00014199999999999998,0,0,0,0,0,15,13,7,6,2,1,2
59.166.0.6,22007,149.171.126.1,61895,tcp,FIN,0.026975,3614,45396,31,29,7,24,-,1054013.0,13246042.0,60,62,255,255,935151976,935465208,60,732,0,0,28.482694,27.361573999999997,1421945305,1421945305,0.45181400000000005,0.43218,0.000737,0.000601,0.000136,0,0,0,0,0,17,33,27,11,4,4,4
59.166.0.4,1662,149.171.126.6,53,udp,CON,0.001,130,162,31,29,0,0,dns,519999.9688,648000.0,2,2,0,0,0,0,65,81,0,0,0.0,0.0,1421938134,1421938134,0.004,0.009000000000000001,0.0,0.0,0.0,0,0,0,0,0,3,1,3,6,2,1,1
59.166.0.1,45428,149.171.126.5,111,udp,CON,0.426368,568,312,31,29,0,0,-,7993.095215,4390.573242,4,4,0,0,0,0,142,78,0,0,193.728172,132.450766,1421944609,1421944609,136.997,93.665336,0.0,0.0,0.0,0,0,0,0,0,5,8,3,1,1,1,1
59.166.0.1,60151,149.171.126.8,64944,tcp,FIN,0.004986,4456,2456,31,29,7,7,-,6753309.5,3722423.0,18,18,255,255,1780568457,1783621879,248,136,0,0,13.937419,0.331276,1421941018,1421941018,0.275471,0.263882,0.000579,0.000496,8.3e-05,0,0,0,0,0,7,8,5,4,1,1,3
59.166.0.1,62417,149.171.126.1,22,tcp,FIN,0.01054,5928,8010,31,29,14,17,ssh,4427324.5,5974952.5,62,58,255,255,1142641464,3292501631,96,138,0,0,11.208136,0.0,1421937094,1421937094,0.172787,0.174964,0.000762,0.000608,0.000154,0,0,0,0,0,1,1,7,4,1,1,1
59.166.0.1,15955,149.171.126.8,34003,tcp,FIN,0.054649,3718,46932,31,29,7,24,-,535636.5,6759648.0,62,62,255,255,2427171327,2428377950,60,757,0,0,48.677966999999995,1.238122,1421951310,1421951310,0.890639,0.860311,0.002334,0.002169,0.000165,0,0,0,0,0,2,4,2,2,1,1,1
59.166.0.8,33632,149.171.126.8,21,tcp,FIN,1.8886450000000001,2934,3740,31,29,11,15,-,12190.75,15549.77246,52,54,255,255,2011004185,4291786794,56,69,0,0,2394.448536,76.03065600000001,1421934548,1421934550,37.025745,35.624246,0.0006889999999999999,0.000556,0.000133,0,0,0,0,0,18,22,5,4,1,1,2
59.166.0.2,27500,149.171.126.4,53,udp,CON,0.001068,146,178,31,29,0,0,dns,546816.5,666666.6875,2,2,0,0,0,0,73,89,0,0,0.0,0.0,1421931282,1421931282,0.011000000000000001,0.002,0.0,0.0,0.0,0,0,0,0,0,2,1,1,3,2,1,1
59.166.0.1,41416,149.171.126.1,25,tcp,FIN,0.125959,37346,3380,31,29,18,8,smtp,2326344.5,209592.0156,52,42,255,255,4014024573,4015011288,718,80,0,0,323.826415,10.88647,1421950446,1421950446,2.4603330000000003,3.0590490000000004,0.000669,0.000534,0.000135,0,0,0,0,0,1,1,3,3,1,1,1
59.166.0.9,32694,149.171.126.8,5190,tcp,FIN,0.006039,1920,4312,31,29,6,6,-,2428216.5,5475078.5,22,24,255,255,4076235247,1926976686,87,180,0,0,16.609572,14.056294,1421953843,1421953843,0.27181,0.234391,0.000775,0.000616,0.00015900000000000002,0,0,0,0,0,8,3,2,3,1,1,2
59.166.0.8,62656,149.171.126.6,21,tcp,FIN,0.027519,2934,3742,31,29,11,15,ftp,836658.3125,1067771.375,52,54,255,255,3745628770,1601296702,56,69,0,0,39.414268,0.981893,1421950249,1421950249,0.5333140000000001,0.508962,0.000676,0.00054,0.000136,0,0,0,1,1,1,1,4,6,1,1,4
59.166.0.7,50626,149.171.126.1,53,udp,CON,0.0010429999999999999,146,178,31,29,0,0,dns,559923.3125,682646.1875,2,2,0,0,0,0,73,89,0,0,0.0,0.0,1421944940,1421944940,0.011000000000000001,0.009000000000000001,0.0,0.0,0.0,0,0,0,0,0,5,5,3,3,3,3,3
59.166.0.7,51361,149.171.126.6,25,tcp,FIN,0.030402,37368,3380,31,29,18,8,smtp,9644103.0,868363.9375,52,42,255,255,629272138,2779897713,719,80,0,0,33.899736,1.423146,1421954413,1421954413,0.5889409999999999,0.728902,0.000624,0.0005139999999999999,0.00011,0,0,0,0,0,1,1,10,2,1,1,2
59.166.0.7,27061,149.171.126.0,27827,tcp,FIN,0.25809899999999997,4550,68342,31,29,7,33,-,139233.4063,2091848.5,78,80,255,255,208624718,2354305433,58,854,0,0,203.947958,201.321057,1421937855,1421937856,3.347662,3.2601139999999997,0.000697,0.000549,0.000148,0,0,0,0,0,8,5,1,5,1,1,1
59.166.0.7,43362,149.171.126.2,80,tcp,FIN,1.176043,1684,10168,31,29,3,5,http,10639.06641,65330.94141,14,18,255,255,560926524,561932938,120,565,1,3924,9296.589209,8139.980343000001,1421950945,1421950946,90.435462,69.147059,0.00067,0.000534,0.000136,0,0,1,0,0,2,3,2,1,1,1,1
59.166.0.2,34260,149.171.126.0,41314,udp,CON,0.001952,520,304,31,29,0,0,-,1598360.625,934426.25,4,4,0,0,0,0,130,76,0,0,0.759668,0.243959,1421929551,1421929551,0.540667,0.17800000000000002,0.0,0.0,0.0,0,0,0,0,0,11,2,2,4,1,1,2
59.166.0.4,1756,149.171.126.2,111,udp,CON,0.086337,568,320,31,29,0,0,-,39473.22656,22238.4375,4,4,0,0,0,0,142,80,0,0,33.452277,33.905297,1421946698,1421946698,23.666334,23.984666,0.0,0.0,0.0,0,0,0,0,0,9,5,2,4,2,1,2
59.166.0.7,24568,149.171.126.3,80,tcp,FIN,1.078876,1580,10168,31,29,3,5,-,10744.51563,71214.85938,12,18,255,255,2842155487,2843152393,132,565,1,3924,9558.493475,7696.836670999999,1421945286,1421945288,98.047635,63.429938,0.000725,0.000562,0.00016299999999999998,0,0,6,0,0,4,13,10,5,5,5,5
59.166.0.7,11039,149.171.126.2,143,tcp,FIN,0.037129,7814,16032,31,29,30,32,-,1669853.75,3426970.75,122,126,255,255,1970447432,1971494361,64,127,0,0,19.636556,17.32321,1421952483,1421952483,0.306517,0.292768,0.000687,0.000526,0.000161,0,0,0,0,0,5,6,3,2,1,1,2
59.166.0.0,12434,149.171.126.2,53,udp,CON,0.001033,146,178,31,29,0,0,dns,565343.6875,689254.625,2,2,0,0,0,0,73,89,0,0,0.0,0.0,1421936234,1421936234,0.006999999999999999,0.009000000000000001,0.0,0.0,0.0,0,0,0,0,0,4,3,7,3,2,1,1
59.166.0.8,11045,149.171.126.2,53,udp,CON,0.001066,146,178,31,29,0,0,dns,547842.4375,667917.4375,2,2,0,0,0,0,73,89,0,0,0.0,0.0,1421951951,1421951951,0.004,0.008,0.0,0.0,0.0,0,0,0,0,0,4,2,3,2,1,1,2
175.45.176.1,1637,149.171.126.11,80,tcp,FIN,0.83888,840,268,254,252,2,1,http,7209.612793000001,2136.181641,10,6,255,255,2414055301,3564361862,84,45,1,0,5048.8021850000005,252.962609,1421928410,1421928411,90.747556,146.153203,0.17589000000000002,0.10810299999999999,0.067787,0,1,1,0,0,2,2,1,2,1,1,1
59.166.0.8,23527,149.171.126.3,65535,tcp,FIN,0.117225,3926,58386,31,29,7,27,-,263902.75,3925988.5,66,68,255,255,2460571035,2486760585,59,859,0,0,93.735987,92.00923900000001,1421940561,1421940561,1.798,1.741657,0.000662,0.000531,0.000131,0,0,0,0,0,6,4,3,2,1,1,2
149.171.126.18,1043,175.45.176.1,53,udp,INT,3e-06,264,0,60,0,0,0,dns,352000000.0,0.0,2,0,0,0,0,0,132,0,0,0,0.0,0.0,1421930790,1421930790,0.003,0.0,0.0,0.0,0.0,0,0,0,0,0,6,6,3,3,3,3,3
59.166.0.8,43949,149.171.126.2,5190,tcp,FIN,0.0071010000000000005,2048,2410,31,29,6,7,-,2211519.5,2611463.25,24,26,255,255,1393855090,1394139500,85,93,0,0,17.880991,0.0,1421928605,1421928605,0.274913,0.26088,0.000714,0.000573,0.00014099999999999998,0,0,0,0,0,3,4,3,2,1,1,1
59.166.0.0,35907,149.171.126.0,11621,tcp,FIN,0.018073,2990,33818,31,29,7,18,-,1296077.0,14670282.0,48,50,255,255,3396282886,1247054230,62,676,0,0,21.190979000000002,20.113726999999997,1421948380,1421948380,0.376,0.355408,0.000787,0.000647,0.00014,0,0,0,0,0,17,3,2,6,1,1,1
59.166.0.1,12736,149.171.126.7,10569,tcp,FIN,0.025002,3390,40986,31,29,7,22,-,1065514.75,12888568.0,56,58,255,255,2426219243,286513129,61,707,0,0,0.0,25.130527999999998,1421932866,1421932866,0.447891,0.43676800000000005,0.000705,0.000539,0.000166,0,0,0,0,0,16,6,2,4,1,1,1
59.166.0.8,33609,149.171.126.7,5190,tcp,FIN,0.005713,2054,2478,31,29,6,6,-,2746017.75,3325748.25,22,24,255,255,2201712272,52447483,93,103,0,0,15.656301000000001,12.954077,1421950661,1421950661,0.255238,0.22082600000000002,0.000742,0.0006230000000000001,0.00011899999999999999,0,0,0,0,0,5,4,4,3,1,1,1
59.166.0.1,8902,149.171.126.1,6881,tcp,FIN,0.021477,1540,1644,31,29,4,4,-,537877.6875,578479.3125,16,18,255,255,3876592969,3880828992,96,91,0,0,89.957523,2.8710009999999997,1421935685,1421935685,1.411133,1.236177,0.000582,0.00045599999999999997,0.000126,0,0,0,0,0,9,17,6,10,5,1,5
59.166.0.3,44585,149.171.126.7,53,udp,CON,0.001126,146,178,31,29,0,0,dns,518650.0938,632326.8125,2,2,0,0,0,0,73,89,0,0,0.0,0.0,1421927523,1421927523,0.01,0.008,0.0,0.0,0.0,0,0,0,0,0,4,5,2,3,1,1,1
59.166.0.7,59630,149.171.126.7,6881,tcp,FIN,4.36985,24536,1094788,31,29,38,390,-,44816.18359,2001923.125,436,858,255,255,3697004415,3701159345,56,1276,0,0,4498.906646,3204.748262,1421931945,1421931949,10.044816,5.0984739999999995,0.0005740000000000001,0.000454,0.00011999999999999999,0,0,0,0,0,6,9,2,4,1,1,1
149.171.126.18,1043,175.45.176.1,53,udp,INT,4e-06,264,0,60,0,0,0,dns,264000000.0,0.0,2,0,0,0,0,0,132,0,0,0,0.0,0.0,1421931165,1421931165,0.004,0.0,0.0,0.0,0.0,0,0,0,0,0,8,8,2,2,2,2,2
59.166.0.1,49107,149.171.126.9,40486,tcp,FIN,0.046405,320,1922,31,29,1,2,ftp-data,46029.52344,289968.75,6,8,255,255,3146845803,3299223870,53,240,0,0,642.476058,15.751071,1421953251,1421953251,9.2174,6.556,0.000641,0.000509,0.000132,0,0,0,0,0,6,3,3,5,1,1,3
59.166.0.4,1592,149.171.126.7,64369,tcp,FIN,0.053242,5174,86792,31,29,7,39,-,768866.6875,12899440.0,90,92,255,255,3338160185,3349257482,57,943,0,0,0.0,32.956075,1421943319,1421943319,0.594112,0.5795060000000001,0.000634,0.000504,0.00013000000000000002,0,0,0,0,0,2,9,5,2,1,1,1
59.166.0.7,29693,149.171.126.4,22,tcp,FIN,0.10572100000000001,14616,17238,31,29,22,32,ssh,1095184.5,1291626.125,102,102,255,255,3816548181,1667322404,143,169,0,0,141.854139,144.119825,1421940231,1421940231,1.046743,1.038673,0.000797,0.000657,0.00014,0,0,0,0,0,1,1,3,3,1,1,1
59.166.0.9,51393,149.171.126.6,53,udp,CON,0.001045,132,164,31,29,0,0,dns,505263.125,627751.1875,2,2,0,0,0,0,66,82,0,0,0.0,0.0,1421944040,1421944040,0.009000000000000001,0.009000000000000001,0.0,0.0,0.0,0,0,0,0,0,1,3,3,8,1,1,2
149.171.126.7,13856,59.166.0.0,37331,tcp,CON,0.002313,1190,208,29,31,0,0,-,2057933.5,539559.0625,2,4,255,255,650243501,633813025,595,52,0,0,0.0,0.970622,1421944463,1421944463,0.006,0.690333,0.0,0.0,0.0,0,0,0,0,0,1,1,1,1,1,1,1
59.166.0.5,43043,149.171.126.1,59375,tcp,FIN,0.09603099999999999,4342,61750,31,29,7,30,-,356884.75,5072778.5,74,72,255,255,1513324150,3659037043,59,858,0,0,83.503647,2.318396,1421944905,1421944905,1.296342,1.344239,0.000701,0.000579,0.000122,0,0,0,0,0,20,4,4,16,4,4,4
59.166.0.6,30376,149.171.126.6,25,tcp,FIN,0.031471,37462,3380,31,29,18,8,smtp,9339900.0,838867.5625,52,42,255,255,3911479252,1762937730,720,80,0,0,37.971994,1.527564,1421947876,1421947876,0.610275,0.753634,0.000708,0.0005679999999999999,0.00014,0,0,0,0,0,1,2,1,3,1,1,1
59.166.0.2,19457,149.171.126.5,25,tcp,FIN,0.610869,38106,3276,31,29,19,8,smtp,489807.1563,41842.03125,54,40,255,255,1904264754,1908903407,706,82,0,0,1080.15796,37.064844,1421952773,1421952773,11.518755,15.650564000000001,0.000627,0.000492,0.000135,0,0,0,0,0,2,1,2,5,1,1,2
59.166.0.0,57338,149.171.126.1,27720,tcp,FIN,0.011918000000000002,2542,21294,31,29,7,14,-,1664037.625,13953348.0,40,42,255,255,1186393547,1192110289,64,507,0,0,0.0,16.701546,1421953784,1421953784,0.296333,0.278024,0.00066,0.000515,0.000145,0,0,0,0,0,3,7,3,3,1,1,1
59.166.0.4,23805,149.171.126.8,63763,tcp,FIN,0.037842,4862,76316,31,29,7,36,-,1015802.5,15946091.0,84,86,255,255,1502332698,3652239228,58,887,0,0,24.195504999999997,23.911819,1421932102,1421932102,0.45204799999999995,0.43810600000000005,0.000759,0.000592,0.000167,0,0,0,0,0,6,3,3,3,1,1,2
59.166.0.7,31840,149.171.126.6,53,udp,CON,0.004392,146,178,31,29,0,0,dns,132969.0313,162112.9375,2,2,0,0,0,0,73,89,0,0,0.0,0.0,1421928287,1421928287,0.001,0.003,0.0,0.0,0.0,0,0,0,0,0,2,2,3,2,1,1,2
59.166.0.2,28583,149.171.126.8,6881,tcp,FIN,0.359797,1540,1644,31,29,4,4,-,32106.99414,34530.58203,16,18,255,255,2413357670,336044833,96,91,0,0,1581.336619,48.595395,1421935522,1421935522,23.965467,21.133882999999997,0.000643,0.0005200000000000001,0.000123,0,0,0,0,0,13,8,6,12,5,1,5
59.166.0.8,27588,149.171.126.3,80,tcp,FIN,1.150719,18058,1087890,31,29,2,370,http,125173.9063,7553065.0,338,746,255,255,2457036253,2453845513,53,1458,1,524288,202.408555,119.48982099999999,1421929391,1421929392,3.4136559999999996,1.543862,0.000663,0.000539,0.000124,0,0,1,0,0,2,1,1,7,2,1,1
59.166.0.2,5985,149.171.126.4,25,tcp,FIN,0.026434,37518,3380,31,29,18,8,smtp,11136264.0,998713.75,52,42,255,255,4143976651,1999657453,722,80,0,0,30.058807,1.19879,1421936208,1421936208,0.511196,0.6315850000000001,0.000665,0.000534,0.000131,0,0,0,0,0,1,2,2,3,1,1,1
59.166.0.7,2929,149.171.126.4,25,tcp,FIN,0.666671,37402,3172,31,29,18,8,smtp,440193.1563,37067.76172,52,38,255,255,358516048,397977886,719,83,0,0,1116.859483,37.735397999999996,1421943303,1421943304,13.065726,18.003217000000003,0.000683,0.0005480000000000001,0.000135,0,0,0,0,0,1,3,3,3,1,1,1
59.166.0.0,62294,149.171.126.0,63771,tcp,FIN,0.02897,4014,60268,31,29,7,28,-,1092164.375,16405385.0,68,70,255,255,718590684,2868619855,59,861,0,0,22.663132,21.700245000000002,1421927999,1421927999,0.427493,0.407493,0.000982,0.000842,0.00014,0,0,0,0,0,6,4,1,1,1,1,1
59.166.0.3,49938,149.171.126.7,53,udp,CON,0.001013,146,178,31,29,0,0,dns,576505.4375,702862.75,2,2,0,0,0,0,73,89,0,0,0.0,0.0,1421940824,1421940824,0.006999999999999999,0.005,0.0,0.0,0.0,0,0,0,0,0,2,3,2,2,2,1,1
175.45.176.1,0,149.171.126.12,0,vrrp,INT,3e-06,200,0,254,0,0,0,-,100000000.0,0.0,2,0,0,0,0,0,100,0,0,0,0.0,0.0,1421930713,1421930713,0.008,0.0,0.0,0.0,0.0,0,2,0,0,0,14,13,4,7,4,4,4
59.166.0.0,44926,149.171.126.9,25,tcp,FIN,0.28483600000000003,37298,3276,31,29,18,8,smtp,1027426.313,89735.85156,52,40,255,255,3070237868,3071280673,717,82,0,0,593.429261,20.073797,1421951805,1421951805,5.6887,7.290615,0.000629,0.0004940000000000001,0.000135,0,0,0,0,0,1,1,1,2,1,1,1
59.166.0.9,10308,149.171.126.3,25,tcp,FIN,0.499662,37396,3068,31,29,18,8,smtp,587228.9375,47760.28516,52,36,255,255,929866318,3076286079,719,85,0,0,1109.734832,40.397073999999996,1421937033,1421937034,9.790333,14.262085999999998,0.000611,0.00048499999999999997,0.000126,0,0,0,0,0,1,2,3,3,1,1,1
59.166.0.7,11450,149.171.126.4,25,tcp,FIN,0.444776,37310,3380,31,29,18,8,smtp,658183.0,59355.72266,52,42,255,255,4034799255,1886243216,718,80,0,0,751.904025,24.963232,1421934923,1421934924,8.713647,10.834195,0.000726,0.0005690000000000001,0.000157,0,0,0,0,0,1,1,1,2,1,1,1
59.166.0.4,7807,149.171.126.7,111,udp,CON,0.004743,568,320,31,29,0,0,-,718532.5625,404807.0938,4,4,0,0,0,0,142,80,0,0,1.727934,1.520044,1421942340,1421942340,1.228333,1.084333,0.0,0.0,0.0,0,0,0,0,0,5,7,2,2,1,1,1
59.166.0.1,1630,149.171.126.2,53033,tcp,FIN,0.035727999999999996,2766,28048,31,29,7,16,-,605463.5,6143976.5,44,46,255,255,2591062296,2591366667,63,610,0,0,56.739985,53.670588,1421951614,1421951614,0.822953,0.7797109999999999,0.000772,0.0006360000000000001,0.000136,0,0,0,0,0,15,8,4,2,1,1,1
59.166.0.8,52149,149.171.126.9,53,udp,CON,0.000975,130,162,31,29,0,0,dns,533333.375,664615.375,2,2,0,0,0,0,65,81,0,0,0.0,0.0,1421953457,1421953457,0.002,0.003,0.0,0.0,0.0,0,0,0,0,0,3,2,2,3,1,1,1
59.166.0.6,54856,149.171.126.8,25322,tcp,FIN,0.068837,2958,32330,31,29,7,18,-,336679.4063,3682205.75,48,50,255,255,1189962787,1227016988,62,647,0,0,83.630094,81.576982,1421936508,1421936508,1.457319,1.392347,0.000746,0.000608,0.000138,0,0,0,0,0,4,2,1,3,1,1,1
59.166.0.9,46590,149.171.126.3,53,udp,CON,0.001045,146,178,31,29,0,0,dns,558851.625,681339.6875,2,2,0,0,0,0,73,89,0,0,0.0,0.0,1421944667,1421944667,0.011000000000000001,0.002,0.0,0.0,0.0,0,0,0,0,0,2,2,2,1,1,1,1
59.166.0.3,21242,149.171.126.9,143,tcp,FIN,0.783838,7806,15474,31,29,30,32,-,79026.53906,156685.4375,122,126,255,255,275467438,2421831505,64,123,0,0,433.669437,429.09192,1421950297,1421950297,6.475099,6.266496,0.0006519999999999999,0.000522,0.00013000000000000002,0,0,0,0,0,7,6,3,2,1,1,1
175.45.176.3,0,224.0.0.1,0,igmp,INT,4e-06,82,0,254,0,0,0,-,82000000.0,0.0,2,0,0,0,0,0,41,0,0,0,0.0,0.0,1421928455,1421928455,0.004,0.0,0.0,0.0,0.0,0,2,0,0,0,6,4,2,2,2,2,2
59.166.0.2,9779,149.171.126.6,7851,tcp,FIN,0.063886,2854,29218,31,29,7,17,-,349622.75,3582631.5,46,48,255,255,2373885987,2468428443,62,609,0,0,86.150979,85.294478,1421945118,1421945118,1.412444,1.346851,0.0007160000000000001,0.00058,0.000136,0,0,0,0,0,10,9,6,6,3,3,3
59.166.0.4,55170,149.171.126.6,55137,tcp,FIN,0.015989,2854,30654,31,29,7,17,-,1396960.375,15018325.0,46,48,255,255,76832327,2226742872,62,639,0,0,19.908235,19.271214999999998,1421939104,1421939104,0.34682199999999996,0.326809,0.0007599999999999999,0.00062,0.00014,0,0,0,0,0,8,10,1,2,1,1,1
59.166.0.5,50920,149.171.126.2,29426,tcp,FIN,0.024954,2750,27346,31,29,7,16,-,861745.625,8576420.0,44,46,255,255,2061004496,4210892366,63,594,0,0,37.062088,37.186626000000004,1421946040,1421946040,0.57293,0.5416,0.000679,0.000554,0.000125,0,0,0,0,0,7,7,2,1,1,1,1
59.166.0.8,22362,149.171.126.1,5190,tcp,FIN,0.0066040000000000005,2048,2410,31,29,6,7,-,2377952.75,2807995.25,24,26,255,255,3048754284,3049072953,85,93,0,0,16.114395000000002,13.8066,1421945638,1421945638,0.270826,0.23948000000000003,0.000739,0.000607,0.000132,0,0,0,0,0,9,12,9,6,3,3,3
59.166.0.8,4204,149.171.126.8,35412,tcp,FIN,0.013533000000000002,424,8824,31,29,1,4,ftp-data,219315.75,4781792.5,8,12,255,255,830737242,839812339,53,735,0,0,139.841891,88.151177,1421940505,1421940505,1.8875709999999999,1.157091,0.000951,0.000802,0.000149,0,0,0,0,0,3,3,4,6,1,1,4
59.166.0.3,12350,149.171.126.3,8787,tcp,CON,0.032997000000000005,1048,16196,31,29,1,6,-,241476.4844,3665060.25,20,15,255,255,2660772297,558823467,52,1080,0,0,93.655327,133.565179,1421934409,1421934409,1.7366840000000001,2.258714,0.000583,0.000479,0.00010400000000000001,0,0,0,0,0,7,7,4,1,1,1,1
59.166.0.0,45122,149.171.126.0,53,udp,CON,0.0010810000000000001,146,178,31,29,0,0,dns,540240.5625,658649.4375,2,2,0,0,0,0,73,89,0,0,0.0,0.0,1421929721,1421929721,0.012,0.009000000000000001,0.0,0.0,0.0,0,0,0,0,0,2,3,1,2,1,1,1
59.166.0.3,41896,149.171.126.6,6881,tcp,FIN,0.018317,1540,1644,31,29,4,4,-,630671.0,678277.0625,16,18,255,255,1866967657,1871613535,96,91,0,0,72.535764,2.143242,1421948438,1421948438,1.199467,1.050118,0.00059,0.000462,0.000128,0,0,0,0,0,10,7,8,9,6,1,6
59.166.0.7,61857,149.171.126.4,64655,tcp,FIN,0.144986,4862,79236,31,29,7,36,-,265129.0313,4321244.5,84,86,255,255,3463763788,1328243314,58,921,0,0,98.070777,96.9834,1421946186,1421946186,1.7428919999999999,1.6993650000000002,0.0006900000000000001,0.000535,0.000155,0,0,0,0,0,4,6,3,7,1,1,1
59.166.0.5,13686,149.171.126.7,18033,tcp,FIN,0.013593000000000001,424,8824,31,29,1,4,-,218347.6719,4760685.5,8,12,255,255,3364270179,1226327223,53,735,0,0,148.398476,65.921728,1421945026,1421945026,1.8969999999999998,1.190545,0.00059,0.000489,0.000101,0,0,0,0,0,10,11,15,15,4,4,15
59.166.0.3,18301,149.171.126.3,53,udp,CON,0.001091,146,178,31,29,0,0,-,535288.6875,652612.25,2,2,0,0,0,0,73,89,0,0,0.0,0.0,1421945244,1421945244,0.011000000000000001,0.011000000000000001,0.0,0.0,0.0,0,0,0,0,0,3,9,7,1,1,1,1
59.166.0.7,44331,149.171.126.1,80,tcp,FIN,1.004717,1580,10168,31,29,3,5,http,11537.57715,76471.28906,12,18,255,255,3020004113,875610842,132,565,1,3924,9529.221975,7674.774175,1421940809,1421940810,91.303543,59.069708999999996,0.000704,0.000526,0.000178,0,0,1,0,0,2,1,3,4,2,1,1
59.166.0.2,13676,149.171.126.0,53,udp,CON,0.001049,146,178,31,29,0,0,dns,556720.6875,678741.6875,2,2,0,0,0,0,73,89,0,0,0.0,0.0,1421952730,1421952730,0.01,0.008,0.0,0.0,0.0,0,0,0,0,0,1,1,3,1,1,1,1
149.171.126.2,34189,59.166.0.6,36180,tcp,CON,0.008514,428,268,29,31,0,1,-,352360.8125,188865.3906,8,4,255,255,2412952079,238992334,54,67,0,0,2.7074990000000003,0.0014140000000000001,1421948879,1421948879,1.216286,0.003,0.0,0.0,0.0,0,0,0,0,0,2,1,1,1,1,1,1
59.166.0.5,27850,149.171.126.8,24858,udp,CON,0.153114,528,304,31,29,0,0,-,20690.46484,11912.69238,4,4,0,0,0,0,132,76,0,0,65.023652,52.807914000000004,1421930591,1421930591,45.989668,37.346332000000004,0.0,0.0,0.0,0,0,0,0,0,7,10,4,5,1,1,3
59.166.0.7,63022,149.171.126.6,25,tcp,FIN,0.023072,37896,3380,31,29,19,8,smtp,12897018.0,1144244.125,54,42,255,255,4265919506,4266991670,702,80,0,0,23.112385,0.949968,1421940464,1421940464,0.428868,0.548976,0.0007160000000000001,0.000559,0.000157,0,0,0,0,0,1,1,1,2,1,1,1
59.166.0.9,27171,149.171.126.5,22,tcp,FIN,1.586946,9400,12402,31,29,26,31,ssh,46942.99609,61985.72656,106,116,255,255,1883954663,1884296823,89,107,0,0,859.553175,822.818712,1421929175,1421929177,15.110553,13.793887,0.000793,0.000638,0.000155,0,0,0,0,0,1,1,3,7,1,1,1
59.166.0.8,20134,149.171.126.9,64398,tcp,FIN,0.14119400000000001,2958,33044,31,29,7,18,-,164142.9531,1834865.5,48,50,255,255,1935591556,2001166204,62,661,0,0,205.970653,201.831954,1421929533,1421929533,2.99683,2.8702240000000003,0.000704,0.000549,0.000155,0,0,0,0,0,5,7,2,3,1,1,2
59.166.0.4,38436,149.171.126.6,31865,udp,CON,0.0017980000000000001,520,304,31,29,0,0,-,1735261.5,1014460.563,4,4,0,0,0,0,130,76,0,0,0.6347470000000001,0.33329200000000003,1421944470,1421944470,0.454333,0.24066700000000002,0.0,0.0,0.0,0,0,0,0,0,6,7,5,4,1,1,3
59.166.0.0,57414,149.171.126.9,61435,tcp,FIN,0.020546000000000002,3390,40986,31,29,7,22,-,1296602.75,15683831.0,56,58,255,255,3346916880,1203863969,61,707,0,0,19.662411,19.527078,1421932649,1421932649,0.367618,0.35114,0.0006900000000000001,0.000524,0.000166,0,0,0,0,0,7,4,1,4,1,1,1
59.166.0.1,63946,149.171.126.2,15639,tcp,FIN,0.021972,2750,28874,31,29,7,16,-,978700.125,10284726.0,44,46,255,255,1895938212,4045828511,63,628,0,0,30.111832,28.267836,1421945478,1421945478,0.503419,0.47435600000000006,0.000768,0.000616,0.000152,0,0,0,0,0,28,14,15,27,3,3,12
59.166.0.1,1310,149.171.126.2,52364,tcp,FIN,0.402519,5032,3080,31,29,7,7,-,96452.59375,59187.26953,28,30,255,255,1020559286,1288624345,180,103,0,0,845.681174,21.601008,1421938827,1421938827,14.895889000000002,13.860655,0.000691,0.000556,0.000135,0,0,0,0,0,7,8,6,7,1,1,3
59.166.0.6,38374,149.171.126.2,3397,tcp,FIN,0.017959,2646,24316,31,29,7,15,-,1150620.875,10585890.0,42,44,255,255,316251385,316591692,63,553,0,0,25.56951,25.072817999999998,1421931864,1421931864,0.430122,0.4125,0.000799,0.000624,0.000175,0,0,0,0,0,6,5,8,4,1,1,3
59.166.0.5,51387,149.171.126.3,53,udp,CON,0.001047,146,178,31,29,0,0,dns,557784.125,680038.1875,2,2,0,0,0,0,73,89,0,0,0.0,0.0,1421927559,1421927559,0.006999999999999999,0.008,0.0,0.0,0.0,0,0,0,0,0,1,2,3,7,1,1,1
59.166.0.4,7624,149.171.126.3,43605,tcp,FIN,0.020975999999999998,3302,40832,31,29,7,21,-,1236079.375,15294813.0,54,56,255,255,226826228,2379670190,61,729,0,0,0.0,20.422879000000002,1421946216,1421946216,0.38877399999999995,0.37249099999999996,0.000618,0.00048499999999999997,0.000133,0,0,0,0,0,5,8,2,2,1,1,1
59.166.0.9,4573,149.171.126.9,6881,tcp,FIN,0.018315,1540,1644,31,29,4,4,-,630739.8125,678351.0625,16,18,255,255,3351153825,1207504136,96,91,0,0,74.078529,2.006055,1421928104,1421928104,1.200467,1.050059,0.00059,0.00045999999999999996,0.00013000000000000002,0,0,0,0,0,12,10,7,9,6,1,7
59.166.0.6,60552,149.171.126.5,22379,tcp,FIN,0.047852,2542,22432,31,29,7,14,-,414444.5625,3660954.75,40,42,255,255,328424028,394185752,64,534,0,0,0.0,70.346013,1421944924,1421944925,1.2188459999999999,1.154902,0.000618,0.0004969999999999999,0.000121,0,0,0,0,0,5,23,20,5,5,5,5
59.166.0.1,65445,149.171.126.5,64073,tcp,FIN,0.092383,3598,47394,31,29,7,24,-,306463.3125,4037972.5,60,62,255,255,3160001912,3182640856,60,764,0,0,86.262316,83.688467,1421938619,1421938619,1.560102,1.505557,0.0006900000000000001,0.000537,0.000153,0,0,0,0,0,4,5,4,2,1,1,1
59.166.0.2,51210,149.171.126.6,42386,tcp,FIN,0.046618,320,1880,31,29,1,2,ftp-data,45819.21094,282294.4063,6,8,255,255,2925227721,987464700,53,235,0,0,644.887059,15.779767000000001,1421947971,1421947971,9.2586,6.585286,0.000681,0.000518,0.00016299999999999998,0,0,0,0,0,3,6,3,2,1,1,1
59.166.0.7,48236,149.171.126.9,53,udp,CON,0.00105,130,162,31,29,0,0,dns,495238.125,617142.875,2,2,0,0,0,0,65,81,0,0,0.0,0.0,1421954070,1421954070,0.01,0.005,0.0,0.0,0.0,0,0,0,0,0,3,5,1,3,1,1,1
59.166.0.9,50457,149.171.126.2,80,tcp,FIN,1.007156,1580,10168,31,29,3,5,http,11509.63672,76286.09375,12,18,255,255,3154342613,1010002917,132,565,1,3924,9530.172779999999,7676.578101000001,1421936833,1421936834,91.524906,59.211705,0.000654,0.000551,0.000103,0,0,1,0,0,2,4,3,3,1,1,1
59.166.0.1,35297,149.171.126.1,47327,tcp,FIN,0.223473,5928,320,31,29,3,1,ftp-data,194529.0938,9558.202148,12,6,255,255,2526523573,1236065579,494,53,0,0,1733.9172600000002,67.950852,1421954275,1421954275,20.315728,44.575801,0.0005809999999999999,0.000459,0.000122,0,0,0,0,0,1,1,2,3,1,1,2
59.166.0.5,52040,149.171.126.5,62284,tcp,FIN,0.072094,3390,44426,31,29,7,22,-,369517.5625,4844897.0,56,58,255,255,4228309345,4228586420,61,766,0,0,80.164214,77.412974,1421951932,1421951932,1.271582,1.255702,0.000687,0.000509,0.000178,0,0,0,0,0,6,6,1,1,1,1,1
59.166.0.7,13908,149.171.126.3,44483,tcp,FIN,0.024923,2974,31920,31,29,7,18,-,935039.875,10041167.0,48,50,255,255,2454825522,310043647,62,638,0,0,35.277059,36.469539000000005,1421946789,1421946789,0.534804,0.483918,0.001434,0.0012050000000000001,0.000229,0,0,0,0,0,3,4,3,8,1,1,2
59.166.0.8,9445,149.171.126.5,6881,tcp,FIN,0.019384000000000002,1540,1644,31,29,4,4,-,595955.4375,640940.9375,16,18,255,255,2318638947,174746208,96,91,0,0,79.704542,2.0406310000000003,1421928098,1421928098,1.271467,1.113177,0.000583,0.00045700000000000005,0.000126,0,0,0,0,0,7,15,5,6,4,1,4
59.166.0.0,7711,149.171.126.2,43537,tcp,FIN,0.025297,3182,36954,31,29,7,20,-,986994.5625,11470135.0,52,54,255,255,236099425,2391377092,61,684,0,0,35.076572999999996,33.4984,1421943868,1421943868,0.48870600000000003,0.47551899999999997,0.000721,0.000566,0.000155,0,0,0,0,0,4,4,1,3,1,1,1
59.166.0.1,35105,149.171.126.9,53,udp,CON,0.0009570000000000001,146,178,31,29,0,0,dns,610240.3125,743991.625,2,2,0,0,0,0,73,89,0,0,0.0,0.0,1421937474,1421937474,0.002,0.006999999999999999,0.0,0.0,0.0,0,0,0,0,0,1,5,5,2,1,1,1
175.45.176.3,13157,149.171.126.16,54615,tcp,REQ,3e-06,90,0,254,0,1,0,-,119999992.0,0.0,2,0,255,0,0,0,45,0,0,0,0.0,0.0,1421933132,1421933132,0.003,0.0,0.0,0.0,0.0,0,6,0,0,0,19,14,4,5,1,1,4
59.166.0.1,53235,149.171.126.1,80,tcp,FIN,1.240916,1684,10168,31,29,3,5,-,10082.874020000001,61915.55078,14,18,255,255,2717384193,2754469295,120,565,2,192,9393.363141,8223.697086,1421945336,1421945338,95.427615,72.96352900000001,0.000667,0.000531,0.000136,0,0,6,0,0,6,20,16,7,5,5,5
59.166.0.9,56987,149.171.126.7,80,tcp,FIN,1.132692,1684,10168,31,29,3,5,http,11046.250979999999,67831.32813,14,18,255,255,3010030629,861554373,120,565,1,3924,8831.930471,7733.431501000001,1421945369,1421945370,87.102998,66.59547099999999,0.0007,0.0005639999999999999,0.000136,0,0,6,0,0,1,1,15,9,6,6,6
59.166.0.2,7033,149.171.126.8,53,udp,CON,0.001046,146,178,31,29,0,0,-,558317.375,680688.3125,2,2,0,0,0,0,73,89,0,0,0.0,0.0,1421934190,1421934190,0.004,0.009000000000000001,0.0,0.0,0.0,0,0,0,0,0,10,6,3,3,1,1,2
59.166.0.5,22266,149.171.126.7,37852,tcp,FIN,0.27551,8928,320,31,29,4,1,ftp-data,240746.2344,7752.894043000001,14,6,255,255,374460835,3600982666,638,53,0,0,1755.4859420000003,71.257164,1421932020,1421932020,21.193078,54.973397999999996,0.000594,0.00047400000000000003,0.00011999999999999999,0,0,0,0,0,3,3,5,2,1,1,2
59.166.0.0,36879,149.171.126.2,40303,tcp,FIN,0.044974,3182,39694,31,29,7,20,-,555165.1875,6930048.5,52,54,255,255,2555653907,410579391,61,735,0,0,59.343326,57.899322999999995,1421931102,1421931102,0.875863,0.836887,0.000736,0.000608,0.000128,0,0,0,0,0,3,4,1,2,1,1,1
59.166.0.7,11203,149.171.126.9,2627,tcp,FIN,0.002942,320,1900,31,29,1,2,-,726036.6875,4522093.5,6,8,255,255,263431830,2412676231,53,238,0,0,29.703975,0.573864,1421945472,1421945472,0.5256,0.352286,0.000601,0.00047000000000000004,0.000131,0,0,0,0,0,26,15,24,34,4,4,17
59.166.0.0,8652,149.171.126.4,43786,udp,CON,0.0016300000000000002,544,304,31,29,0,0,-,2002454.0,1119018.375,4,4,0,0,0,0,136,76,0,0,0.595384,0.27789200000000003,1421940495,1421940495,0.425,0.2,0.0,0.0,0.0,0,0,0,0,0,7,8,4,4,1,1,3
59.166.0.6,9152,149.171.126.8,8023,tcp,FIN,0.019311000000000002,2958,31784,31,29,7,18,-,1200145.0,12904148.0,48,50,255,255,32446181,2178157957,62,636,0,0,22.684028,21.949729,1421937050,1421937050,0.402638,0.381286,0.0007830000000000001,0.000617,0.000166,0,0,0,0,0,9,5,4,4,1,1,1
59.166.0.0,25154,149.171.126.2,62294,tcp,FIN,0.023044,3614,45396,31,29,7,24,-,1233813.625,15505642.0,60,62,255,255,400709082,2546412967,60,732,0,0,20.946428,19.992883,1421945426,1421945426,0.384932,0.367082,0.000798,0.000642,0.000156,0,0,0,0,0,16,15,18,18,4,4,4
59.166.0.4,8465,149.171.126.6,22,tcp,FIN,1.610882,3728,5474,31,29,7,7,ssh,17937.99805,26052.80859,32,24,255,255,2326500523,2327390923,117,228,0,0,3757.2906009999997,118.750945,1421936388,1421936389,51.963934,70.004867,0.000741,0.000592,0.000149,0,0,0,0,0,1,2,5,3,1,1,1
59.166.0.4,26569,149.171.126.5,53,udp,CON,0.001086,146,178,31,29,0,0,dns,537753.25,655616.9375,2,2,0,0,0,0,73,89,0,0,0.0,0.0,1421937857,1421937857,0.011000000000000001,0.005,0.0,0.0,0.0,0,0,0,0,0,6,3,2,5,2,1,1
59.166.0.0,46471,149.171.126.1,25,tcp,FIN,2.836854,37220,3276,31,29,18,8,-,102945.0234,9009.980469,52,40,255,255,3808330469,1811572209,716,82,0,0,4044.62074,126.97768,1421944998,1421945001,55.617429,72.718586,0.0009939999999999999,0.000825,0.000169,0,0,0,0,0,5,9,10,6,6,6,6
59.166.0.8,51465,149.171.126.3,5190,tcp,FIN,1.064183,2158,1918,31,29,6,5,-,15553.71582,13704.41016,24,20,255,255,1398136349,3548029493,90,96,0,0,3073.650436,3387.942701,1421947600,1421947601,46.268824,55.970789,0.000715,0.000576,0.000139,0,0,0,0,0,4,5,2,3,1,1,1
59.166.0.1,24266,149.171.126.9,41049,udp,CON,0.0018510000000000002,528,304,31,29,0,0,-,1711507.25,985413.3125,4,4,0,0,0,0,132,76,0,0,0.656903,0.328339,1421927415,1421927415,0.47100000000000003,0.23766700000000002,0.0,0.0,0.0,0,0,0,0,0,8,4,2,5,1,1,2
59.166.0.2,40791,149.171.126.6,53,udp,CON,0.001067,130,162,31,29,0,0,dns,487347.7188,607310.25,2,2,0,0,0,0,65,81,0,0,0.0,0.0,1421940418,1421940418,0.011000000000000001,0.008,0.0,0.0,0.0,0,0,0,0,0,2,1,1,7,1,1,1
59.166.0.8,30171,149.171.126.0,6881,tcp,FIN,2.85525,12414,548216,31,29,21,197,-,34619.73828,1532517.375,214,438,255,255,2685759589,546604358,58,1252,0,0,4899.896944,3420.913737,1421931671,1421931674,13.403451,6.532698,0.000576,0.000458,0.000118,0,0,0,0,0,7,12,3,7,2,1,2
175.45.176.1,1043,149.171.126.18,53,udp,INT,1.1e-05,114,0,254,0,0,0,dns,41454544.0,0.0,2,0,0,0,0,0,57,0,0,0,0.0,0.0,1421932573,1421932573,0.011000000000000001,0.0,0.0,0.0,0.0,0,2,0,0,0,5,5,3,3,3,3,3
59.166.0.2,27145,149.171.126.3,13432,udp,CON,0.00296,520,304,31,29,0,0,-,1054054.125,616216.25,4,4,0,0,0,0,130,76,0,0,1.211981,0.263044,1421952221,1421952221,0.861,0.188,0.0,0.0,0.0,0,0,0,0,0,8,5,7,3,1,1,3
59.166.0.0,37734,149.171.126.8,111,udp,CON,0.20537399999999997,568,320,31,29,0,0,-,16594.11523,9348.797852,4,4,0,0,0,0,142,80,0,0,89.55578100000001,89.557664,1421955389,1421955389,63.336999999999996,63.33633199999999,0.0,0.0,0.0,0,0,0,0,0,6,11,3,2,1,1,2
175.45.176.3,19635,149.171.126.15,520,udp,INT,1e-05,104,0,254,0,0,0,-,41600000.0,0.0,2,0,0,0,0,0,52,0,0,0,0.0,0.0,1421931808,1421931808,0.01,0.0,0.0,0.0,0.0,0,2,0,0,0,12,6,2,6,2,1,2
59.166.0.1,6216,149.171.126.1,2823,tcp,FIN,0.019888,3062,33164,31,29,7,18,-,1207160.0,13084070.0,50,52,255,255,218567129,243501350,61,638,0,0,22.988342000000003,22.473419,1421937841,1421937841,0.399204,0.378765,0.000717,0.000556,0.000161,0,0,0,0,0,5,5,3,3,1,1,2
59.166.0.1,57144,149.171.126.8,57938,tcp,FIN,0.528454,4192,3080,31,29,7,7,-,61204.94922,45082.44922,28,30,255,255,2694081947,2720462783,150,103,0,0,1046.506168,26.202635,1421928568,1421928568,19.559778,18.202793,0.000736,0.0005679999999999999,0.000168,0,0,0,0,0,6,7,5,5,1,1,5
59.166.0.5,64728,149.171.126.9,53,udp,CON,0.001131,130,162,31,29,0,0,dns,459770.125,572944.3125,2,2,0,0,0,0,65,81,0,0,0.0,0.0,1421948358,1421948358,0.034,0.008,0.0,0.0,0.0,0,0,0,0,0,2,4,1,2,1,1,1
59.166.0.4,53766,149.171.126.6,33068,tcp,FIN,0.009649,2230,15236,31,29,7,11,-,1795004.625,12281480.0,34,36,255,255,129233548,2274940127,66,423,0,0,16.752343,14.669807,1421953858,1421953858,0.282394,0.256486,0.0008210000000000001,0.000661,0.00016,0,0,0,0,0,7,18,3,2,1,1,1
59.166.0.2,58379,149.171.126.3,65062,tcp,FIN,0.029939,3806,51314,31,29,7,26,-,1001235.875,13503992.0,64,66,255,255,573950660,2719642899,59,777,0,0,25.511582,24.740875,1421928078,1421928078,0.470206,0.451615,0.000711,0.0005740000000000001,0.00013700000000000002,0,0,0,0,0,4,5,3,4,1,1,1
59.166.0.9,17036,149.171.126.4,80,tcp,FIN,1.00476,1580,10168,31,29,3,5,http,11537.08301,76468.00781,12,18,255,255,2486615046,2483464691,132,565,1,3924,9528.155237,7674.1683920000005,1421940243,1421940244,91.295726,59.070115,0.000715,0.0005639999999999999,0.000151,0,0,1,0,0,4,2,2,3,1,1,1
59.166.0.7,44483,149.171.126.5,5190,tcp,FIN,1.941702,3106,27552,31,29,9,14,-,12479.77246,111053.0859,40,46,255,255,1193513917,3339198390,78,599,0,0,3847.6113020000003,0.0,1421943852,1421943854,49.778178000000004,43.136646,0.000681,0.000543,0.000138,0,0,0,0,0,7,6,1,3,1,1,1
59.166.0.8,23084,149.171.126.8,21140,tcp,FIN,0.015194,2438,20826,31,29,7,13,-,1249967.125,10691589.0,38,40,255,255,1871631359,1883784797,64,521,0,0,0.0,21.945364,1421946724,1421946724,0.398162,0.37561500000000003,0.000719,0.000542,0.000177,0,0,0,0,0,6,8,6,2,1,1,1
59.166.0.9,35464,149.171.126.6,21,tcp,FIN,0.779655,2934,3740,31,29,11,15,ftp,29531.01172,37667.94531,52,54,255,255,1286254791,3432699658,56,69,0,0,1412.716083,52.5835,1421941168,1421941169,15.280294,14.700547,0.000656,0.000522,0.000134,0,0,0,1,1,1,2,2,8,1,1,1
59.166.0.1,21312,149.171.126.6,59519,tcp,FIN,0.022914,3390,44426,31,29,7,22,-,1162608.0,15243432.0,56,58,255,255,1319814991,3465520429,61,766,0,0,22.311093,22.479889,1421951798,1421951798,0.410782,0.405727,0.000725,0.000588,0.00013700000000000002,0,0,0,0,0,5,5,4,3,1,1,2
59.166.0.4,42026,149.171.126.7,31966,udp,CON,0.00179,520,304,31,29,0,0,-,1743016.75,1018994.438,4,4,0,0,0,0,130,76,0,0,0.638281,0.30877899999999997,1421950802,1421950802,0.456333,0.223333,0.0,0.0,0.0,0,0,0,0,0,5,5,4,3,1,1,2
59.166.0.5,5057,149.171.126.7,80,tcp,FIN,1.005883,1580,10168,31,29,3,5,http,11524.20313,76382.64063,12,18,255,255,1262488901,1263522320,132,565,1,3924,9530.201582,7676.464111,1421946909,1421946910,91.412452,59.137999,0.0006730000000000001,0.000533,0.00014,0,0,1,0,0,1,1,2,4,1,1,1
59.166.0.4,61359,149.171.126.0,53,udp,CON,0.001045,130,162,31,29,0,0,dns,497607.625,620095.6875,2,2,0,0,0,0,65,81,0,0,0.0,0.0,1421934973,1421934973,0.011000000000000001,0.006,0.0,0.0,0.0,0,0,0,0,0,3,3,6,3,2,1,2
59.166.0.5,35466,149.171.126.7,5190,tcp,FIN,0.008038,2158,1918,31,29,6,5,-,2059218.625,1814381.625,24,20,255,255,3697519070,1548271218,90,96,0,0,19.725238,26.175478,1421947557,1421947557,0.349478,0.382842,0.0007639999999999999,0.000629,0.000135,0,0,0,0,0,4,5,2,1,1,1,1
59.166.0.7,39907,149.171.126.3,5190,tcp,FIN,8.994481,60150,72646,31,29,130,126,-,53379.39844,64466.19922,444,436,255,255,939924215,3089822460,135,167,0,0,1486.59901,1498.715403,1421945255,1421945264,20.348719,20.675625,0.000713,0.000573,0.00014,0,0,0,0,0,37,17,15,37,10,9,9
59.166.0.4,45941,149.171.126.6,48891,tcp,FIN,0.062304,3598,45458,31,29,7,24,-,454417.0313,5742809.5,60,62,255,255,1770754693,3920632254,60,733,0,0,67.385465,65.656802,1421949268,1421949268,1.050017,1.011295,0.0007830000000000001,0.000604,0.00017900000000000001,0,0,0,0,0,11,5,4,3,1,1,1
59.166.0.5,60039,149.171.126.6,18690,tcp,FIN,0.012523000000000001,2542,23122,31,29,7,14,-,1583646.125,14419548.0,40,42,255,255,662032474,667794881,64,551,0,0,18.620971,17.237357,1421947903,1421947903,0.31240999999999997,0.292634,0.000667,0.000519,0.000148,0,0,0,0,0,18,11,5,9,1,1,4
59.166.0.6,26323,149.171.126.7,24130,tcp,FIN,0.039838,5174,87114,31,29,7,39,-,1027561.625,17303680.0,90,92,255,255,319316171,329280216,57,947,0,0,0.0,22.473708,1421947856,1421947856,0.443213,0.43213199999999996,0.000653,0.0005110000000000001,0.00014199999999999998,0,0,0,0,0,10,7,2,2,1,1,1
59.166.0.6,60462,149.171.126.8,6881,tcp,FIN,18.970869,36590,1598568,31,29,53,562,-,15406.7793,673572.5,658,1243,255,255,2369510087,227709611,56,1286,0,0,12961.29722,9432.343671999999,1421945253,1421945272,28.874521,15.274045000000001,0.000616,0.00048600000000000005,0.00013000000000000002,0,0,0,0,0,19,12,10,23,10,10,10
59.166.0.9,6609,149.171.126.3,5271,tcp,FIN,0.177263,4464,2664,31,29,7,7,-,192346.9531,114767.3203,22,22,255,255,566170736,2714588670,203,121,0,0,742.860504,21.749451,1421935676,1421935676,8.42619,8.41681,0.00065,0.0005059999999999999,0.000144,0,0,0,0,0,7,5,4,10,1,1,3
59.166.0.1,6751,149.171.126.4,5190,tcp,FIN,0.092402,1920,4312,31,29,6,6,-,158697.8594,357827.75,22,24,255,255,2178781002,33711049,87,180,0,0,403.593481,386.598665,1421937805,1421937805,4.3825709999999996,3.9913480000000003,0.000746,0.00059,0.000156,0,0,0,0,0,3,8,4,3,1,1,2
59.166.0.7,8051,149.171.126.9,53,udp,CON,0.001011,146,178,31,29,0,0,dns,577645.875,704253.1875,2,2,0,0,0,0,73,89,0,0,0.0,0.0,1421947767,1421947767,0.006999999999999999,0.008,0.0,0.0,0.0,0,0,0,0,0,2,7,5,1,1,1,1
59.166.0.2,49252,149.171.126.5,61834,tcp,FIN,0.268382,8928,320,31,29,4,1,-,247140.2656,7958.804687999999,14,6,255,255,532842272,2916435771,638,53,0,0,1729.905248,70.570125,1421955741,1421955742,20.64477,53.547602000000005,0.000648,0.0005099999999999999,0.000138,0,0,0,0,0,15,14,5,2,1,1,2
59.166.0.9,36740,149.171.126.1,143,tcp,FIN,1.0549600000000001,7816,15130,31,29,30,32,-,58785.16797,113824.2188,122,126,255,255,2650815746,530463776,64,120,0,0,546.164471,541.4877339999999,1421948647,1421948648,8.715463,8.435328,0.000684,0.00054,0.000144,0,0,0,0,0,7,11,1,4,1,1,1
59.166.0.2,6983,149.171.126.9,25,tcp,FIN,0.143716,37262,3276,31,29,18,8,-,2034345.625,177850.7656,52,40,255,255,2288686409,140208642,717,82,0,0,367.49688199999997,12.723552999999999,1421934129,1421934129,2.8110779999999997,3.670846,0.000664,0.0005480000000000001,0.00011599999999999999,0,0,0,0,0,10,12,4,4,1,1,1
59.166.0.9,47909,149.171.126.5,25,tcp,FIN,0.046465,37154,3380,31,29,18,8,smtp,6273970.0,568169.625,52,42,255,255,1290797261,1291996765,715,80,0,0,56.914101,2.4006119999999997,1421941615,1421941615,0.92174,1.084659,0.002193,0.001991,0.000202,0,0,0,0,0,2,2,12,5,1,1,2
59.166.0.7,48985,149.171.126.4,15554,tcp,FIN,0.0033020000000000002,8928,424,31,29,4,1,ftp-data,20087220.0,898849.1875,14,8,255,255,2366475830,2382317593,638,53,0,0,15.682144000000001,0.65649,1421949337,1421949337,0.254,0.378143,0.000588,0.000466,0.000122,0,0,0,0,0,4,4,1,1,1,1,1
59.166.0.8,14779,149.171.126.4,25,tcp,FIN,0.022765,37200,3380,31,29,18,8,smtp,12821437.0,1159675.0,52,42,255,255,4201231199,4202272797,715,80,0,0,24.080895,0.921845,1421942898,1421942898,0.439216,0.542927,0.000634,0.0005,0.000134,0,0,0,0,0,2,3,5,3,1,1,1
